R true;R pred;Fi true;Fi pred;Hit
391.37168621366123;412.37564;0.5363747024192178;0.5400007;1
382.8101272686617;377.48337;0.5497243583741317;0.54915464;1
374.31990370426934;381.2943;0.5636821836767092;0.5631501;1
365.9059812013162;370.26877;0.5782848782400387;0.57986027;1
357.5737460281759;378.27805;0.5935715090597888;0.5978866;1
349.3290434795637;347.51974;0.6095836068852916;0.6141389;1
341.17821939284374;348.7775;0.6263652463859739;0.62886745;1
333.12816476214664;342.84735;0.643963102444645;0.6468534;1
325.1863633787869;325.13513;0.6624264733128585;0.66213113;1
317.36094229952886;328.09244;0.6818072591136313;0.6833157;1
309.660724773048;300.74808;0.7021598815526893;0.7038369;1
302.0952850289026;298.8151;0.7235411277042155;0.72554094;1
294.675004040754;296.6498;0.7460098974133018;0.74691105;1
287.4111250041356;305.93997;0.7696268303086654;0.7722881;1
280.31580680701427;288.67203;0.7944537848391562;0.7954175;1
273.4021732093435;281.6155;0.820553138455138;0.82760155;1
266.68435478167135;273.57086;0.8479868755368042;0.8570114;1
260.17751988794276;260.99814;0.8768154286210955;0.8822773;1
253.8978901542219;250.89897;0.9070962398368233;0.9124685;1
247.8627349854952;278.83817;0.9388820144198251;0.93891585;1
242.0903388493938;237.61282;0.9722186481640177;0.9741454;1
236.599934348974;238.62053;1.0071428271951262;1.0052701;1
231.41159371056432;234.60728;1.0436793229344627;1.0399392;1
226.5460714145972;212.70647;1.0818380384512767;1.097887;1
222.02459152785815;207.01636;1.1216109044440195;1.1306823;1
217.86857509250103;201.11824;1.1629687720029827;1.1718826;1
214.0993058899567;218.65903;1.2058585008915734;1.2139226;1
210.7375371220935;212.43684;1.2502004893595162;1.2597268;1
207.80304695073707;200.9221;1.29588692483178;1.3016795;1
205.3141570660307;238.06316;1.342781042937465;1.3625338;1
203.2872348709068;213.47282;1.3907176544985929;1.3890896;1
201.73620555364798;220.60164;1.4395051291556948;1.4463434;1
200.6721041921577;227.28531;1.4889289101795793;1.4927545;1
200.10269905884002;193.04434;1.538756487242913;1.5540841;1
200.03221475641664;207.50133;1.5887435920137805;1.5964248;1
200.46117756334186;192.22699;1.6386412320680637;1.6253786;1
201.3863959650854;221.95314;1.6882030698218562;1.6863359;1
202.80107802852194;214.60338;1.737192606995169;1.7265759;1
204.69507570836956;206.11205;1.785389661251861;1.7826432;1
207.05523608201662;208.11195;1.8325957145940461;1.8400695;1
209.86583228030267;237.68527;1.8786378537291695;1.8768575;1
213.1090432816698;210.27974;1.923371183889632;1.9201443;1
216.76545180944564;240.13612;1.9666797517139234;1.9688311;1
220.81453273704065;209.06984;2.0084761378307903;2.012698;1
225.23510969118934;230.30934;2.0486999632839673;2.0564504;1
230.00576385674898;226.88158;2.0873155934555254;2.09111;1
235.1051853470082;232.97444;2.1243093241723754;2.1228695;1
240.51246318387652;238.7507;2.159686307292277;2.1565516;1
246.2073145064948;244.13576;2.1934674286485256;2.1882372;1
252.17025694205998;252.23828;2.2256863000323968;2.2168171;1
258.3827301813127;259.2726;2.2563864766856927;2.2575564;1
264.8271738807661;264.79605;2.2856189675192877;2.2944307;1
271.48706929685994;270.3654;2.313440069410868;2.3142612;1
278.3469517798291;255.67989;2.3399095300158206;2.3391535;1
285.3924006256071;330.6934;2.3650890248809815;2.357487;1
292.610011969125;286.62692;2.3890409229750458;2.3928413;1
299.9873595241906;299.08664;2.411827308522014;2.4104252;1
307.5129471160856;326.93677;2.4335092247814454;2.4367828;1
315.17615616309706;341.80856;2.4541461058967595;2.4477818;1
322.96719056812793;301.03745;2.473795365118074;2.4793134;1
330.87702089023037;336.5745;2.492512110837859;2.488814;1
338.8973291764313;321.48004;2.5103489654153286;2.5136034;1
347.0204554383544;343.54178;2.527355965347279;2.5279174;1
355.2393464445731;354.9656;2.5435805247440726;2.54322;1
363.5475072560557;367.56683;2.5590674471638133;2.5508096;1
371.93895574652623;371.9736;2.573858973588217;2.5693054;1
380.4081802111265;385.53952;2.5879948566778497;2.589323;1
388.95010006588944;397.28613;2.6015124534374445;2.6019325;1
591.3608840247947;598.9051;0.5320539502819016;0.53369826;1
582.7652960748208;576.20105;0.5407591845718833;0.5430754;1
574.2151909029925;599.22345;0.5497243583741317;0.5512922;1
565.7126307749784;570.2023;0.558959783153594;0.560939;1
557.2597919937645;563.8724;0.568476216846536;0.5710107;1
548.8589718019743;557.67944;0.5782848782400387;0.5790946;1
540.5125956738725;554.18713;0.5883974605688773;0.59137034;1
532.2232250068516;543.4435;0.5988261440330193;0.601438;1
523.9935652193457;534.0886;0.6095836068852916;0.61219823;1
515.8264742584151;511.32333;0.6206830346775576;0.6229885;1
507.72497151553824;504.4659;0.6321381271843471;0.63285977;1
499.69224714321996;498.8464;0.643963102444645;0.647396;1
491.73167175770527;489.52792;0.6561726972749249;0.65682113;1
483.84680650409825;476.46677;0.6687821635090917;0.66984886;1
476.0414134492934;482.81955;0.6818072591136312;0.68236315;1
468.31946625502104;470.0668;0.6952642332091201;0.69836617;1
460.685161067702;453.29285;0.7091698039029755;0.7105397;1
453.14292754335384;441.57288;0.7235411277042157;0.72593933;1
445.6974399041888;447.42288;0.7383957591511936;0.74146825;1
438.35362789845226;434.15134;0.7537515991409576;0.7530612;1
431.11668750620345;431.91568;0.7696268303086654;0.7688535;1
423.9920912008952;428.4137;0.7860398376735596;0.78588456;1
416.98559753964514;414.72083;0.8030091126526613;0.80485755;1
410.10325981401525;408.02963;0.820553138455138;0.8224085;1
403.3514334481389;404.78372;0.8386902548225565;0.8432296;1
396.7367817826514;411.8657;0.8574385000891448;0.85950416;1
390.2662798319141;390.15652;0.8768154286210955;0.88119894;1
383.94721554977923;379.22696;0.8968379018771749;0.8973436;1
377.78718808744077;368.9938;0.9175218516394623;0.9214842;1
371.7941024782428;380.51566;0.9388820144198251;0.94701815;1
365.97616014187156;374.3696;0.9609316366820959;0.965706;1
360.3418445681483;356.875;0.9836821513577015;0.9854873;1
354.899901523461;351.28015;1.0071428271951262;1.0132213;1
349.65931312629016;350.72083;1.0313203937841873;1.0347759;1
344.6292651684354;356.81107;1.0562186466350487;1.0622352;1
339.81910712189585;348.58505;1.0818380384512765;1.0893943;1
335.23830437423055;327.02438;1.1081752646743779;1.1154438;1
330.89638238321066;359.8483;1.1352228534233582;1.1420025;1
326.80286263875155;337.51718;1.1629687720029827;1.1656748;1
322.96719056812793;299.03043;1.1913960640700179;1.1971612;1
319.39865581754754;328.31998;1.22048253315676;1.2256049;1
316.10630568314025;317.6694;1.2502004893595162;1.2611564;1
313.0988528360167;312.28806;1.2805165763986626;1.2938783;1
310.38457887243106;311.3644;1.3113916957469074;1.3251908;1
307.97123559904605;309.64224;1.342781042937465;1.351114;1
305.865946308166;304.55817;1.3746342684002752;1.3880606;1
304.07510957915747;301.43475;1.406895771219073;1.414683;1
302.60430833047195;315.79626;1.4395051291556948;1.4494374;1
301.45822691502394;333.2292;1.4723976623771837;1.47081;1
300.64057897984566;296.16623;1.5055051218958155;1.492533;1
300.15404858825997;312.00623;1.5387564872429165;1.5387158;1
300.00024673074904;313.80124;1.5720788518562432;1.5683014;1
300.1796848440897;297.96567;1.605398369584709;1.6042857;1
300.69176634501275;311.0292;1.6386412320680606;1.6198871;0
301.5347965032734;290.23706;1.6717346448676518;1.6712747;1
302.706010275411;310.9141;1.7046077703066622;1.7068197;1
304.2016170427829;308.26096;1.737192606995169;1.7345235;1
306.0168605910967;305.76968;1.7694247797901501;1.7643826;1
308.1460921715825;333.68887;1.8012442191070632;1.7968299;1
310.5828541230249;311.056;1.8325957145940457;1.8317153;1
313.3199713229128;309.56393;1.8634293346817605;1.8560565;1
316.34964767544415;335.04514;1.8937007099227903;1.8934288;1
319.6635649225047;318.7897;1.9233711838896317;1.9159777;1
323.25298126011324;343.02457;1.9524078403692735;1.9471292;1
327.1088275301323;318.32642;1.9807834194579534;1.9749312;1
331.22179910556093;315.23416;2.0084761378307903;2.008587;1
335.5824419681568;350.51395;2.0354694299585256;2.0278196;1
340.18123186310277;367.81302;2.06175162747718;2.0624623;1
345.00864578512346;353.81723;2.0873155934555254;2.0834208;1
350.05522538746874;356.06003;2.112158327151004;2.1137917;1
355.31163219863527;360.74728;2.1362805532044393;2.134154;1
360.76869477581477;352.6904;2.159686307292277;2.150947;1
366.41744811735117;365.73114;2.1823825282007494;2.174317;1
372.24916580083624;368.9267;2.204378664245337;2.2014837;1
378.2553854130899;380.48346;2.2256863000323968;2.2376063;1
384.4279278988351;379.105;2.2463188078162646;2.2525544;1
390.75891148274366;395.64627;2.266291026184181;2.2686372;1
397.24076082114914;399.45746;2.2856189675192873;2.283123;1
403.8662120211991;405.67505;2.3043195546472335;2.301256;1
410.6283141320614;420.98096;2.322410386250627;2.3218117;1
417.52042766974364;427.04868;2.3399095300158206;2.3353984;1
424.5362206880732;417.3917;2.356835342032288;2.3545806;1
431.6696628565634;426.2701;2.3732063106687056;2.3712883;1
438.91501795368754;443.7836;2.3890409229750458;2.382595;1
446.2668351332783;439.2407;2.4043575515816897;2.3994856;1
453.71993927362206;447.5875;2.419174360062657;2.4164095;1
461.2694206741284;457.21475;2.433509224781445;2.4343357;1
468.91062432369006;462.43716;2.447379671328698;2.447524;1
476.63913892820375;472.96524;2.460802823777896;2.4527888;1
484.45078585219187;491.39676;2.473795365118074;2.4745579;1
492.341608100913;489.56857;2.4863735073631767;2.4832027;1
500.30785944454215;503.9129;2.4985529699798956;2.5008976;1
508.34599376464695;502.58804;2.5103489654153286;2.5101264;1
516.4526546849703;522.1726;2.5217761906393434;2.5194983;1
524.6246655331217;531.5517;2.5328488237421634;2.5291553;1
532.8590196668597;518.1257;2.543580524744073;2.5500784;1
541.1528711879051;539.5181;2.553984439880769;2.5602574;1
549.5035260573859;547.68964;2.5640732087245244;2.5679207;1
557.9084336197893;545.2019;2.573858973588217;2.5737188;1
566.365178536493;554.1034;2.583353390736815;2.5868835;1
574.8714731253068;580.2792;2.5925676429996556;2.5920467;1
583.4251500988341;593.3659;2.6015124534374445;2.6025558;1
791.3555418011862;786.13763;0.5299170901909499;0.53344345;1
782.7433724273225;817.1371;0.5363747024192178;0.5393621;1
774.1645694672077;772.87976;0.5429757133929836;0.5448651;1
765.6202545373234;784.2571;0.5497243583741317;0.55110514;1
757.111595273276;758.03357;0.5566250103725752;0.5578809;1
748.6398074085387;768.00037;0.5636821836767092;0.5650303;1
740.2061569428769;759.01025;0.5709005372898369;0.57348686;1
731.8119624026324;764.5481;0.5782848782400387;0.5811054;1
723.4585971947813;736.13666;0.585840164726438;0.58658487;1
715.1474920563518;747.2909;0.5935715090597888;0.5954996;1
706.8801376003847;674.7726;0.6014841803497758;0.6024559;1
698.6580869591274;694.0488;0.6095836068852916;0.6125979;1
690.4829585245654;693.7794;0.6178753781472309;0.62164086;1
682.3564387856875;666.3097;0.6263652463859739;0.62854415;1
674.2802852610587;656.40045;0.635059127687666;0.6371276;1
666.2563295242933;643.37976;0.643963102444645;0.6443936;1
658.2864803188902;650.7942;0.6530834151358571;0.65299886;1
650.3727267575738;645.65955;0.6624264733128585;0.6638234;1
642.5171415997636;661.1823;0.6719988456759978;0.6737743;1
634.7218845990577;634.3134;0.6818072591136313;0.6828281;1
626.989205910619;631.3268;0.6918585945647983;0.6929195;1
619.321449546096;613.563;0.7021598815526893;0.70226806;1
611.7210568611534;614.6788;0.7127182912226249;0.71368414;1
604.1905700578052;599.3675;0.7235411277042155;0.72663456;1
596.7326356805236;601.86365;0.7346358176030916;0.7379543;1
589.350008081508;589.2192;0.7460098974133018;0.7482261;1
582.0455528265142;593.61273;0.7576709986274961;0.7601251;1
574.8222500082712;575.97656;0.7696268303086654;0.77160937;1
567.6831974297112;560.63196;0.7818851588750316;0.78361386;1
560.6316136140285;556.3551;0.7944537848391562;0.79367656;1
553.6708405929631;560.4846;0.807340516234186;0.81233704;1
546.804346418687;541.8142;0.820553138455138;0.821545;1
540.0357273383089;538.19794;0.8340993802421565;0.83731455;1
533.3687095633427;523.8513;0.8479868755368042;0.85101265;1
526.8071505595898;545.0602;0.8622231209528665;0.8639904;1
520.3550397758855;520.8738;0.8768154286210955;0.8779463;1
514.016498723156;513.24316;0.8917708741943269;0.8934961;1
507.7957803084438;515.28796;0.9070962398368233;0.9070547;1
501.69726732214747;500.00778;0.9227979520712564;0.9269454;1
495.7254699709904;499.3849;0.9388820144198251;0.94336486;1
489.8850223444357;488.87418;0.9553539348542528;0.9577524;1
484.1806776987876;491.1556;0.9722186481640177;0.97784036;1
478.6173024414247;484.4667;0.9894804334642774;0.9920228;1
473.199868697948;484.56848;1.0071428271951262;1.0084682;1
467.93344534795136;464.7684;1.0252085321121935;1.0317799;1
462.82318742112864;472.11124;1.0436793229344627;1.0503163;1
457.8743237550039;457.0209;1.062555949496993;1.0672508;1
453.0921428291944;456.8778;1.0818380384512767;1.0845766;1
448.4819767092097;452.93472;1.1015239947603404;1.1111547;1
444.0491830557163;446.46304;1.1216109044440195;1.1289043;1
439.79912518318866;439.7086;1.1420944402353082;1.1487288;1
435.73715018500206;435.35538;1.1629687720029827;1.1678544;1
431.86856518019;419.1801;1.1842264839690908;1.1924155;1
428.1986117799134;436.13336;1.2058585008915734;1.2147751;1
424.73243891854315;415.87015;1.2278540254805241;1.2334795;1
421.475074244187;436.176;1.2502004893595162;1.2557273;1
418.4313943152353;421.38602;1.2728835198594997;1.2807307;1
415.60609390147414;421.503;1.29588692483178;1.3052956;1
413.0036547386596;411.37137;1.3191926974803525;1.3291925;1
410.6283141320614;422.0201;1.342781042937465;1.3559605;0
408.48403384512824;404.26804;1.3666304279386647;1.3770859;1
406.5744697418136;412.74805;1.3907176544985929;1.396497;1
404.9029426730384;402.27505;1.415017957955518;1.426384;1
403.47241110729595;404.22742;1.4395051291556948;1.4401734;1
402.2854460009507;395.87418;1.4641516599080209;1.4621454;1
401.3442083843154;397.2557;1.4889289101795793;1.4859581;1
400.65043010470083;410.21695;1.5138072948516115;1.5060732;1
400.20539811768003;396.57935;1.538756487242913;1.5359945;1
400.0099426539042;398.46805;1.5637456360635515;1.5640421;1
400.06442951283327;412.2115;1.5887435920137805;1.5879807;1
400.3687566492641;418.22046;1.6137191399148647;1.5997891;0
400.9223551266837;398.94016;1.6386412320680637;1.6303164;1
401.72419441673617;402.26425;1.6634792184951004;1.6695045;1
402.7727919301708;407.19577;1.6882030698218562;1.6828663;1
404.0662265751415;404.82584;1.712783588818818;1.7163506;1
405.6021560570439;414.73312;1.737192606995169;1.7355856;1
407.3778375630805;421.81317;1.7614031631362626;1.7665153;1
409.3901514167391;408.3787;1.785389661251861;1.7852848;1
411.63562724388856;407.44296;1.8091280060355266;1.801022;1
414.11047216403324;417.311;1.8325957145940461;1.8248836;1
416.8106005074337;419.53503;1.855772003860534;1.857569;1
419.73166456060534;414.58664;1.8786378537291695;1.8766053;1
422.8690858578639;426.06247;1.9011760465208454;1.8952968;1
426.2180865633396;422.1957;1.923371183889632;1.9262877;1
429.77372052414216;432.3727;1.9452096826976408;1.9341414;1
433.5309036188913;446.22415;1.9666797517139234;1.961041;1
437.4844430743354;445.13272;1.9877713512297401;1.9846249;1
441.6290654740813;439.66995;2.0084761378307903;2.003829;1
445.9594432355473;444.29816;2.0287873966332617;2.0250945;1
450.4702193823787;452.08365;2.0486999632839673;2.0396223;1
455.1560304882902;461.9617;2.0682101379563536;2.0652337;1
460.01152771349797;469.1841;2.0873155934555254;2.0860505;1
465.03139589575596;470.0018;2.106015279388532;2.1076515;1
470.2103706940164;468.26062;2.1243093241723754;2.1236212;1
475.54325381362867;469.44785;2.142198936451927;2.1398165;1
481.02492636775304;486.4069;2.159686307292277;2.156611;1
486.65036045044826;493.40256;2.1767745143027;2.1696136;1
492.4146290129896;492.08603;2.1934674286485256;2.1872177;1
498.31291414677304;497.6456;2.20976962571754;2.2145755;1
504.34051388411996;506.925;2.2256863000323968;2.2279763;1
510.4928476328999;510.5352;2.241223184842171;2.2382066;1
516.7654603626254;517.32495;2.2563864766856927;2.2584543;1
523.1540256590263;522.3001;2.27118276509705;2.2672195;1
529.6543477615322;534.9394;2.2856189675192877;2.2817678;1
536.2623626939924;535.1559;2.299702269404972;2.294271;1
542.9741385937199;551.95465;2.313440069410868;2.3046608;1
549.7858753378819;549.08984;2.3268399295369377;2.3283486;1
556.6939035596582;563.7529;2.3399095300158206;2.3414478;1
563.6946831396754;556.8976;2.3526566287262467;2.3493156;1
570.7848012512142;570.41583;2.3650890248809815;2.3622751;1
577.960970030708;584.289;2.3772145267253677;2.3711143;1
585.22002393825;577.79443;2.3890409229750458;2.3878586;1
592.5589168662766;594.88965;2.4005759577196324;2.4008882;1
599.9747190483812;604.49664;2.411827308522014;2.4073827;1
607.4646138143628;622.11633;2.422802567449386;2.4143484;0
615.0258942321713;607.58484;2.4335092247814454;2.4314525;1
622.6559596723787;619.0558;2.4439546551524693;2.4418325;1
630.3523123261941;622.52734;2.4541461058967595;2.449825;1
638.1125537038344;641.7495;2.4640906873806054;2.4657793;1
645.9343811362559;645.65784;2.473795365118074;2.47224;1
653.815584299829;644.0122;2.4832669534822656;2.4815888;1
661.7540417804607;672.38477;2.492512110837859;2.4908555;1
669.7477176909413;661.88403;2.5015373359346693;2.4974933;1
677.7946583528626;702.6802;2.5103489654153286;2.5025268;0
685.8929890523176;682.89294;2.5189531723030116;2.516034;1
694.0409108767088;693.0842;2.527355965347279;2.5337749;1
702.2366976383538;681.1711;2.535563189117508;2.538374;1
710.4786928891461;716.63916;2.5435805247440726;2.543396;1
718.7653070292964;711.68243;2.5514134912173505;2.5481105;1
727.0950145121114;719.73425;2.5590674471638133;2.564979;1
735.4663511458676;765.17004;2.566547593026912;2.572338;1
743.8779114930525;737.8517;2.573858973588217;2.5811539;0
752.3283463666078;760.4782;2.5810064807713706;2.5829344;1
760.816360422253;726.61755;2.5879948566778497;2.5863;1
769.3407098455226;767.6546;2.594828696809418;2.5890946;1
777.9002001317789;781.6844;2.6015124534374445;2.601555;1
786.4936839571634;800.7517;2.608050439084068;2.6110528;1
991.3523550808316;987.79724;0.5286424123768843;0.5355107;0
982.7303718969016;982.5831;0.5337746823066443;0.53518957;1
974.1347318379186;970.39;0.5389976648285107;0.54040635;1
965.5661384375722;985.013;0.5443134937384758;0.5474919;1
957.0253181716542;948.0832;0.5497243583741317;0.55137473;1
948.513021284298;980.36975;0.5552325047881088;0.5549592;1
940.030022642989;930.81165;0.5608402369030022;0.5627852;1
931.5771226229688;946.3307;0.5665499176417443;0.5674425;1
923.1551480216101;919.4185;0.5723639700267028;0.5755948;1
914.7649530032904;919.81775;0.5782848782400388;0.57982475;1
906.407420075224;894.2897;0.584315188637055;0.58726776;1
898.0834610946438;896.3731;0.5904575107033841;0.59065264;1
889.7940183076339;882.9976;0.5967145179459229;0.59832805;1
881.5400654198068;885.9066;0.6030889487063922;0.6046539;1
873.3226086989093;884.1924;0.6095836068852916;0.61178106;1
865.1426881092965;841.75586;0.6162013625628315;0.6182893;1
857.0013784780575;848.14355;0.6229451525021393;0.62607306;1
848.8997906924009;835.9253;0.629817980518664;0.6313513;1
840.8390729276996;868.91174;0.6368229176982327;0.6394567;1
832.8204119053665;823.1856;0.643963102444645;0.64364296;1
824.8450341794728;837.71466;0.6512417403360197;0.6520955;1
816.9142074507255;789.60693;0.6586621037673395;0.65876687;1
809.0292419060996;801.2429;0.6662275313547701;0.66811764;1
801.1914915820496;794.2827;0.6739414270753555;0.67578584;1
793.4023557488222;784.3802;0.6818072591136313;0.6827677;1
785.6632803129415;793.4801;0.6898285583845414;0.69126874;1
777.9757592344398;782.9229;0.6980089166998074;0.700447;1
770.3413359548573;783.6738;0.7063519845425962;0.7071324;1
762.7616048314346;750.82263;0.7148614684129707;0.71372026;1
755.2382125722564;746.5416;0.7235411277042157;0.72596675;1
747.7728596663883;744.8276;0.7323947710677191;0.7363416;1
740.3673018022603;737.34326;0.7414262522217031;0.7439095;1
733.0233512667045;732.85785;0.7506394651567576;0.75418204;1
725.7428783161304;737.73035;0.7600383386888856;0.76238114;1
718.527812510339;713.7465;0.7696268303086654;0.77364105;1
711.3801439984139;700.96814;0.7794089192732379;0.7801703;1
704.3019247450027;693.95935;0.789388598886185;0.789193;1
697.2952696841035;687.34454;0.7995698679090874;0.79910064;1
690.362357786212;677.2795;0.8099567210476701;0.8120603;1
683.5054330233587;693.97864;0.8205531384551381;0.8243337;1
676.7268052151919;687.5847;0.8313630741955849;0.83531994;1
670.0288507378406;667.78766;0.8423904436114388;0.8465081;1
663.414013075834;675.3226;0.8536391095408595;0.8576394;1
656.884803195883;650.9111;0.8651128673339841;0.86696535;1
650.4437997198568;659.2157;0.8768154286210957;0.8809238;1
644.09364887283;652.46985;0.8887504037913107;0.8903543;1
637.837064180679;652.44104;0.9009212831474018;0.90236646;1
631.6768258903747;633.06494;0.9133314167110969;0.9143439;1
625.6157800849097;621.8744;0.9259839926637463;0.9305523;1
619.6568374637379;620.0785;0.9388820144198253;0.94161075;1
613.8029717587498;613.9521;0.9520282763454595;0.95306796;1
608.057217755191;598.3308;0.9654253381511809;0.9709111;1
602.4226688866339;612.1317;0.9790754980075101;0.98440444;1
596.9024743731644;599.04785;0.9929807644538078;0.99805564;1
591.4998358724349;576.30664;1.0071428271951266;1.0116841;1
586.2180036142089;587.6145;1.0215630269085003;1.0240676;1
581.0602719905569;575.40045;1.036242324209083;1.0404947;1
576.0299745760208;586.90576;1.0511812679575985;1.0593002;1
571.1304785549116;573.5511;1.066379963123361;1.0762411;0
566.365178536493;566.51886;1.0818380384512767;1.0869372;1
561.7374897431939;561.4171;1.0975546142161576;1.1003339;1
557.2508405622158;555.9303;1.1135282703827545;1.1177115;1
552.9086644569854;547.78357;1.1297570155242893;1.1345463;1
548.7143912418541;549.4206;1.1462382568850809;1.1494043;1
544.6714377312526;547.7275;1.1629687720029827;1.1689647;1
540.7831977831236;529.7472;1.1799446823337356;1.1879829;1
537.0530317658138;539.8726;1.1971614293406425;1.204116;1
533.4842554876043;534.45294;1.2146137535280284;1.2197237;1
530.0801286385622;522.09607;1.2322956769043616;1.2416582;1
526.8438428052337;533.8214;1.2502004893595162;1.2590357;1
523.7785091296674;523.77106;1.268320739429253;1.2765541;1
520.8871456951192;528.3363;1.2866482298976116;1.2970481;0
518.1726647312839;515.7561;1.3051740186537777;1.3174018;0
515.6378597417288;517.5841;1.323888425173625;1.335412;0
513.2853926650768;512.5028;1.342781042937465;1.3580294;0
511.1177811890849;505.39417;1.3618407580247576;1.3733411;0
509.1373863427871;512.4353;1.3810557740445213;1.3870119;1
507.3464004960277;509.86514;1.400413643468006;1.4075993;1
505.7468358977513;504.5796;1.4199013053296738;1.4160392;1
504.3405138841199;519.8677;1.4395051291556957;1.4324014;1
503.1290548847377;502.468;1.4592109648687153;1.4549166;1
502.1138693498922;496.50345;1.4790041983063302;1.474127;1
501.2961497137514;497.87686;1.4988698118817596;1.4932667;1
500.6768634979482;501.80386;1.518792449811841;1.5173016;1
500.25674764710004;500.44745;1.538756487242913;1.5360055;1
500.03630417277253;505.87277;1.5587461025225142;1.5527809;1
500.0157971655263;503.36343;1.5787453517967736;1.5714697;1
500.1952512163505;494.67783;1.59873824506264;1.5930808;1
500.57445126943827;499.0724;1.6187088227713513;1.6148098;1
501.15294390835464;505.92172;1.638641232068062;1.6398835;1
501.93004005769734;503.24045;1.6585198017599163;1.6488984;1
502.90481906284504;499.489;1.6783291151334874;1.6824542;1
504.0761340918097;509.96188;1.6980540797895673;1.6960766;1
505.4426187860056;496.72128;1.7176799937280076;1.7145958;1
507.0026950713049;512.553;1.7371926069951695;1.733412;1
508.7545820274033;510.92383;1.7565781782988843;1.7610166;1
510.6963057025076;505.27695;1.775823526097659;1.7710675;1
512.8257097518613;514.5919;1.7949160737789234;1.7877833;1
515.1404667727157;517.05853;1.8138438886522132;1.8083571;1
517.6380902050415;506.8603;1.8325957145940457;1.8338706;1
520.3159466664788;523.5244;1.8511609982890667;1.8508403;1
523.1712685916011;516.06793;1.869529909114033;1.8657339;1
526.2011670493105;522.0349;1.887693352805236;1.8818498;1
529.4026446178444;524.4459;1.9056429791342029;1.8990257;1
532.7726082041745;537.98334;1.9233711838896317;1.9170148;1
536.3078817032153;544.10443;1.9408711055247663;1.9353807;1
540.0052184019163;530.7852;1.958136616878238;1.9533712;1
543.8613130436955;542.98047;1.9751623124130675;1.9737103;1
547.8728134794825;546.9167;1.9919434914432337;1.9855121;1
552.0363318426016;550.32874;2.0084761378307903;2.0083914;1
556.3484551956141;564.0149;2.0247568966398957;2.0163953;1
560.8057556078196;559.23254;2.040783048228384;2.0394547;1
565.4047996322357;575.698;2.0565524802439463;2.0521436;1
570.14215716037;564.8153;2.0720636579718272;2.0729086;1
575.0144096418725;572.4602;2.087315593455526;2.0851068;1
580.0181576641393;584.6999;2.1023078137825255;2.1016178;1
585.1500278940553;584.21533;2.117040328894717;2.1148524;1
590.4066793903376;606.8679;2.1315135992490557;2.1281004;1
595.7848093003346;595.28357;2.145728503619007;2.1387966;1
601.2811579596913;612.32654;2.159686307292277;2.1582696;1
606.8925134170453;599.7494;2.173388630886033;2.1786952;1
612.6157154089093;627.2606;2.1868374199676386;2.1852493;1
618.4476588121917;615.3304;2.200034915637553;2.19266;1
624.3852966034611;635.1076;2.2129836262015634;2.2087555;1
630.4256423551499;629.17957;2.2256863000323968;2.220241;1
636.5657722994653;636.8873;2.2381458996959056;2.2348676;1
642.8028269909256;648.61053;2.2503655773947258;2.243357;1
649.1340125981977;642.76025;2.2623486517623848;2.2581692;1
655.556601855361;656.989;2.274098586023343;2.272543;1
662.0679347019153;658.8584;2.2856189675192877;2.2820945;1
668.6654186398238;669.15765;2.2969134885889635;2.2895284;1
675.3465288347028;673.44336;2.3079859287779083;2.307151;1
682.1088079869613;667.6317;2.3188401383453403;2.3133116;1
688.949865997305;688.08484;2.3294800230281116;2.3217707;0
695.8673794495728;708.61664;2.3399095300158206;2.332422;0
702.8590909324051;714.7711;2.3501326350867306;2.3510828;1
709.9228082197657;710.6035;2.3601533308509386;2.3569517;1
717.05640332888;716.7168;2.369975616045069;2.3673632;1
724.2578114727245;701.82416;2.379603485821548;2.3731713;1
731.5250299228126;708.59973;2.3890409229750458;2.3877525;1
738.8561167966893;724.6808;2.3982918900489;2.4007587;1
746.249189783275;736.5058;2.407360322265077;2.4052088;1
753.7024248179818;782.7893;2.416250121222456;2.4089472;0
761.2140547183931;782.6272;2.424965149309776;2.4211364;1
768.782367790214;757.2706;2.4335092247814454;2.4318838;1
776.4057064122077;760.6011;2.441886117446479;2.439508;1
784.0824656078915;768.28406;2.450099544923045;2.448816;1
791.8110916109105;821.23865;2.458153169413432;2.456069;1
799.5900804301995;811.94336;2.4660505949566227;2.4634218;1
807.4179764203199;813.9333;2.473795365118074;2.4712853;1
815.2933708616765;850.0481;2.481390961078697;2.4797235;1
823.2149005547134;830.8462;2.488840800087405;2.483615;1
831.1812464316179;817.0187;2.4961482342439107;2.4882083;0
839.191132188567;837.0927;2.503316549580706;2.4944606;0
847.2433229410783;836.081;2.5103489654153286;2.5091467;1
855.3366239046189;865.4753;2.5172486339461035;2.5181181;1
863.4698791022549;868.3886;2.524018640066546;2.5300577;0
871.6419701007828;842.5472;2.53066200137548;2.5365615;0
879.8518147764913;894.96497;2.537181668361752;2.5389342;1
888.0983661114327;915.3116;2.5435805247440726;2.5448465;1
896.3806110208474;884.52124;2.549861387948145;2.5464773;1
904.6975692121754;901.7854;2.556027009704691;2.5564148;1
913.0482920759066;931.076;2.562080076753414;2.5653543;1
921.4318616083564;927.30347;2.568023211639219;2.5736399;0
929.8473893663156;946.67456;2.573858973588217;2.5829499;0
938.2940154533992;931.7731;2.579589859452183;2.5856433;0
946.7709075378135;966.3632;2.5852183047111628;2.584407;1
955.2772599011694;974.46246;2.5907466845248908;2.5890646;1
963.8122925178934;936.1235;2.596177314824579;2.5945003;1
972.3752501647235;968.7632;2.6015124534374445;2.6016414;1
980.9654015597185;963.95526;2.606754301237117;2.6058812;1
989.5820385301721;994.89716;2.6119050033137405;2.617067;0
1182.7217680495894;1017.41974;0.5320539502819016;0.53948194;0
1174.1150586409835;1020.6482;0.5363747024192178;0.5391081;1
1165.5305921496415;1033.2451;0.5407591845718833;0.544298;1
1156.9688636890223;996.5571;0.5452086448588838;0.5512437;0
1148.430381805985;1000.0574;0.5497243583741317;0.5588233;0
1139.9156688826654;982.6577;0.5543076276565404;0.55455303;1
1131.4252615499568;966.9221;0.558959783153594;0.5590562;1
1122.959711112808;970.8978;0.5636821836767092;0.566808;1
1114.519583987529;971.4192;0.568476216846536;0.5706457;1
1106.1054621512853;948.91174;0.5733432995261658;0.5751443;1
1097.7179436039487;968.7932;0.5782848782400387;0.578663;1
1089.3576428424483;991.88245;0.5833024295761405;0.5868549;1
1081.025191347745;984.7016;0.5883974605688773;0.59237415;1
1072.7212380845278;976.47687;0.5935715090597886;0.596229;1
1064.4464500137033;986.2501;0.5988261440330193;0.5994312;1
1056.201512617715;1000.82135;0.6041629659222225;0.60463405;1
1047.9871304386913;996.08374;0.6095836068852916;0.6117783;1
1039.8040276293875;986.99646;0.6150897310430279;0.6179129;1
1031.6529485168303;982.54315;0.6206830346775576;0.62236786;1
1023.5346581785313;995.66113;0.6263652463859738;0.62582463;1
1015.4499430310765;973.6803;0.6321381271843471;0.6352675;1
1007.3996114308313;959.7051;0.6380034705568862;0.63768923;1
999.3844942864399;986.32385;0.643963102444645;0.6460622;1
991.4054456827121;965.0569;0.6500188811677783;0.6488489;1
983.4633435154105;979.9299;0.6561726972749249;0.6586148;1
975.5590901363606;966.0621;0.6624264733128586;0.66505116;1
967.6936130081965;966.68085;0.6687821635090917;0.6698342;1
959.867865367953;983.40454;0.6752417533596359;0.677003;1
952.0828268985867;954.08734;0.6818072591136312;0.6815159;1
944.3395044073809;936.0382;0.6884807271460459;0.69024414;1
936.6389325100421;904.59485;0.6952642332091201;0.6962831;1
928.9821743191441;917.2186;0.7021598815526893;0.70556253;1
921.370322135404;916.7246;0.7091698039029755;0.70908654;1
913.8044981400953;909.64484;0.7162961582888756;0.71672624;1
906.2858550867077;897.42505;0.7235411277042157;0.723589;1
898.8155769897508;895.79785;0.7309069185938833;0.73288476;1
891.3948798083776;869.7344;0.7383957591511936;0.7422595;1
884.025012122262;860.0531;0.7460098974133019;0.74794143;1
876.7072557969045;850.0343;0.7537515991409576;0.7558048;1
869.4429266352751;865.93616;0.7616231454683908;0.7662875;1
862.2333750124069;857.2417;0.7696268303086654;0.7730327;1
855.079986489252;843.09216;0.7777649574994211;0.77937895;1
847.9841824017903;840.3782;0.7860398376735596;0.7871887;1
840.9474204210429;837.7621;0.794453784839156;0.79515296;1
833.9711950792903;846.2755;0.8030091126526613;0.80343264;1
827.0570382574307;854.296;0.8117081303693701;0.81208754;1
820.2065196280305;818.9369;0.820553138455138;0.8255394;1
813.4212470482316;823.17084;0.8295464238434889;0.8348805;1
806.7028668962778;826.978;0.8386902548225565;0.8439167;1
800.053064345014;805.0675;0.8479868755368042;0.85358614;1
793.4735635653028;815.1029;0.8574385000891448;0.8609222;1
786.966127851888;788.58234;0.8670473062300114;0.8691296;1
780.5325596638282;783.10986;0.8768154286210955;0.8803015;1
774.1747005712219;781.58264;0.8867449516629206;0.8883644;1
767.8944310995585;754.90796;0.8968379018771749;0.8969752;1
761.6936704626656;744.1097;0.9070962398368233;0.90945876;1
755.5743761748815;759.4614;0.9175218516394623;0.9207118;1
749.5385435327757;769.9149;0.9281165399222298;0.93072194;1
743.5882049564856;728.25574;0.9388820144198251;0.94149065;1
737.7254291805195;749.12;0.949819882070886;0.9539971;1
731.9523202837431;722.0676;0.9609316366820959;0.96573496;1
726.2710165481815;728.7707;0.9722186481640176;0.978114;1
720.6836891362966;729.494;0.9836821513577015;0.98935187;1
715.1925405765049;712.3542;0.9953232344766998;1.0012602;1
709.799803046922;712.28046;1.0071428271951262;1.0123218;1
704.5077364476722;712.9369;1.0191416884188964;1.0253307;1
699.3186262525803;702.58057;1.0313203937841873;1.0382586;1
694.234781131693;690.13574;1.0436793229344625;1.0481682;1
689.2585303368708;694.92114;1.0562186466350487;1.0626377;1
684.3922208436596;684.2792;1.0689383137921467;1.0746864;1
679.6382142437917;679.1185;1.0818380384512765;1.0877676;1
674.9988833840124;678.2527;1.0949172868583057;1.0978961;1
670.4766087484611;664.5132;1.1081752646743779;1.1129798;1
666.0737745835745;664.86804;1.1216109044440192;1.1274362;1
661.7927647664213;654.562;1.1352228534233582;1.1386737;1
657.6359584195175;660.27966;1.1490094618825504;1.1530201;1
653.6057252775031;642.6719;1.1629687720029827;1.169148;1
649.704420813576;658.6768;1.1770985074954492;1.1828134;1
645.9343811362559;639.9093;1.1913960640700179;1.1966231;1
642.2979176698701;638.9112;1.2058585008915732;1.2099643;1
638.7973116350951;640.2534;1.22048253315676;1.2267458;1
635.434808348896;631.82336;1.2352645259281385;1.2432532;0
632.2126113662805;631.897;1.2502004893595162;1.2565143;1
629.1328764893352;626.2788;1.265286075442555;1.2751541;0
626.1977056720334;623.5693;1.2805165763986626;1.2894883;0
623.4091408522112;621.87744;1.2958869248317804;1.3045409;0
620.7691577448621;633.53174;1.3113916957469074;1.3204782;0
618.2796596334373;611.64056;1.327025110526014;1.3360641;0
615.9424711980921;616.3473;1.342781042937465;1.3510108;0
613.759332421745;605.54126;1.358653027237233;1.3668052;0
611.731892616332;611.94836;1.3746342684002752;1.3880678;0
609.8617046127204;618.631;1.3907176544985929;1.3863828;1
608.1502191583149;609.03876;1.406895771219073;1.4018708;1
606.598779566428;604.1123;1.4231609184895166;1.4151013;1
605.2086166609439;612.531;1.4395051291556948;1.4348533;1
603.9808440586728;597.4939;1.4559201896263518;1.4478593;1
602.9164538300479;586.3135;1.4723976623771837;1.4683189;1
602.0163125764731;600.2784;1.4889289101795793;1.4885159;1
601.2811579596913;599.5732;1.5055051218958155;1.5045497;1
600.7115957150492;603.69934;1.5221173396598853;1.5204115;1
600.3080971765199;615.908;1.5387564872429165;1.5295393;0
600.0709973368715;604.13684;1.5554133993844323;1.5450108;0
600.0004934614981;601.2201;1.5720788518562432;1.5604564;0
600.0966442692499;602.4491;1.5887435920137742;1.5829978;1
600.3593696881794;594.82166;1.605398369584709;1.6025329;1
600.7884511885707;598.4833;1.6220339674361641;1.6137526;1
601.3835326900255;595.0344;1.6386412320680606;1.6395252;1
602.1441220338437;599.71704;1.6552111035797838;1.6589111;1
603.0695930065468;610.0539;1.6717346448676518;1.6631312;0
604.1591878952562;614.8008;1.6882030698218562;1.686649;1
605.412020550822;611.9586;1.7046077703066622;1.7110792;1
606.827079930191;592.7701;1.7209403417257354;1.7130396;1
608.4032340855658;608.5511;1.737192606995169;1.7353097;1
610.1392345644962;601.7112;1.753356638769472;1.747158;1
612.0337211821934;597.0842;1.7694247797901501;1.7680281;1
614.0852271251086;616.9918;1.785389661251861;1.7815435;1
616.292184343165;615.30615;1.8012442191070632;1.7966377;1
618.6529291869903;634.89825;1.8169817082559652;1.8141861;1
621.1657082460498;603.11646;1.8325957145940457;1.8276448;1
623.8286843436988;625.9305;1.848080164913952;1.8398442;0
626.6399426458256;624.3571;1.8634293346817605;1.8553419;0
629.597496840908;642.2059;1.8786378537291695;1.8718383;1
632.6992953508883;625.2785;1.8937007099227903;1.8860724;1
635.9432275342541;636.85474;1.9086132508892075;1.9038851;1
639.3271298450094;648.1966;1.9233711838896317;1.9170364;1
642.8487919137991;636.2646;1.937970573950815;1.9232758;0
646.5059625202265;652.4625;1.9524078403692735;1.95239;1
650.2963554283369;648.01355;1.9666797517139234;1.9561248;0
654.2176550602646;650.85645;1.9807834194579534;1.9775103;1
658.2675219861032;648.3421;1.994716290374323;1.9888487;1
662.4435982111219;669.75806;2.0084761378307903;1.9992241;0
666.7435122444551;662.6188;2.0220610521200486;2.0139327;0
671.1648839363136;683.7288;2.0354694299585256;2.027116;0
675.705329073568;687.6362;2.0486999632839673;2.0441146;1
680.3624637262055;676.3197;2.06175162747718;2.0618234;1
685.1339083396513;686.11383;2.074623669127573;2.0642595;0
690.0172915702469;697.67566;2.0873155934555254;2.0801768;1
695.0102538632884;695.3481;2.099827151497361;2.0903115;0
700.1104507749375;706.7325;2.112158327151004;2.1066132;1
705.3155560410246;692.1974;2.1243093241723754;2.1243749;1
710.6232643972705;716.815;2.1362805532044393;2.131831;1
716.0312941567613;713.307;2.148072618912623;2.1443615;1
721.5373895516295;724.7572;2.159686307292277;2.1576457;1
727.1393228468348;717.64984;2.1711225732059605;2.1738782;1
732.8348962347023;740.196;2.1823825282007494;2.180181;1
738.6219435194844;737.6901;2.1934674286485256;2.19488;1
744.4983316016725;750.1758;2.204378664245337;2.2031603;1
750.4619617721123;761.91516;2.2151177468995327;2.2085485;1
756.5107708261799;749.9327;2.2256863000323968;2.2230992;1
762.6427320083725;770.1721;2.236086048309536;2.23033;1
768.8558557976702;780.6392;2.2463188078162646;2.244738;1
775.148190543938;800.1824;2.2563864766856923;2.2517138;1
781.5178229654873;782.43695;2.266291026184181;2.2630625;1
787.9628785176927;798.54626;2.2760344922551776;2.272603;1
794.4815216422983;772.8439;2.2856189675192873;2.2853336;1
801.0719559067308;805.3581;2.2950465937256412;2.2943542;1
807.7324240423982;797.51117;2.3043195546472335;2.3004165;1
814.4612078905797;786.2245;2.313440069410868;2.3105986;1
821.2566282641228;833.9584;2.322410386250627;2.3156292;0
828.1170447327654;831.0492;2.3312327766723953;2.322774;0
835.0408553394873;823.2968;2.3399095300158206;2.3296363;0
842.0264962548839;838.521;2.3484429483992204;2.3406324;0
849.0724413761463;843.239;2.356835342032288;2.3561656;1
856.1772018768212;842.32184;2.365089024880981;2.3613074;1
863.3393257131268;881.55;2.3732063106687056;2.3687341;1
870.5573970922135;877.34375;2.381189509197763;2.3739748;0
877.8300359073751;890.85254;2.3890409229750458;2.3889499;1
885.155897144857;902.3979;2.3967628441260747;2.3892682;0
892.5336702665566;883.3454;2.4043575515816897;2.388634;0
899.9620785725717;899.5788;2.411827308522014;2.4069185;1
907.4398785472441;926.93945;2.419174360062657;2.4208336;1
914.9658591920306;908.39355;2.4264009311685757;2.4224753;1
922.5388413482568;922.976;2.433509224781445;2.4315734;1
930.1576770125362;955.7184;2.4405014201469237;2.4403653;1
937.8212486473801;961.88617;2.447379671328698;2.4397974;0
945.5284684892912;964.3126;2.4541461058967595;2.45224;1
953.2782778564075;950.20215;2.460802823777896;2.4549394;0
961.0696464575559;944.62646;2.467351896256967;2.4592686;0
968.9015717043837;975.4004;2.473795365118074;2.4750478;1
976.7730780280538;983.1139;2.4801352419152884;2.4795995;1
984.683216201826;982.70245;2.4863735073631767;2.483458;1
992.631062670691;970.8878;2.492512110837859;2.4847164;0
1000.6157188890843;991.5866;2.4985529699798956;2.494082;1
1008.6363106675727;994.36646;2.50449797039078;2.5046835;1
1016.6919875292939;982.8872;2.5103489654153286;2.508635;1
1024.781922076809;996.3954;2.516107776002711;2.5180695;1
1032.9053093699406;996.7994;2.5217761906393434;2.5159788;0
1041.0613663150632;985.7126;2.5273559653472786;2.533636;0
1049.2493310662435;1002.5376;2.5328488237421634;2.537692;0
1057.4684624385416;993.8659;2.5382564571452164;2.5404592;1
1065.7180393337194;977.0001;2.543580524744073;2.547433;1
1073.9973601785434;977.73816;2.548822653797677;2.5502472;1
1082.3057423758103;971.45636;2.553984439880769;2.5496132;1
1090.6425217681672;970.77826;2.5590674471638133;2.5559573;1
1099.0070521147718;974.299;2.5640732087245244;2.5534248;0
1107.398704580773;999.1138;2.5690032268874363;2.5706537;1
1115.8168672395786;999.4146;2.573858973588217;2.573792;1
1124.2609445878306;990.1448;2.5786418907597004;2.5808344;1
1132.730357072986;992.1765;2.583353390736815;2.5780218;0
1141.2245406333795;986.5231;2.5879948566778497;2.586913;1
1149.7429462506136;986.83936;2.5925676429996556;2.58593;0
1158.285039514115;990.55914;2.5970730758246274;2.589489;0
1166.8503001976683;994.3362;2.6015124534374445;2.5893366;0
1175.4382218477338;1013.00146;2.605887046749747;2.5940878;0
1184.0483113833384;1073.7233;2.6101980997710714;2.5145798;0
1391.3487300795712;875.91235;0.5271924186971233;0.5875523;0
1382.715653121809;956.25256;0.5308309835744469;0.55511755;0
1374.1011120300088;948.1933;0.5345152196610352;0.5613729;0
1365.505457614924;1050.1261;0.5382458903593073;0.57013416;0
1356.9290487973858;1002.51263;0.5420237732652212;0.5709461;0
1348.3722528160442;975.37067;0.5458496603889846;0.5477343;1
1339.8354454403159;913.6332;0.5497243583741317;0.5494902;1
1331.3190111886354;908.81396;0.553648688714465;0.5553035;1
1322.8233435520863;903.45044;0.5576234879683353;0.559123;1
1314.3488452235033;890.39026;0.5616496079696641;0.5619942;1
1305.8959283321135;888.2639;0.5657279160350963;0.565071;1
1297.465014683798;881.1524;0.569859295166594;0.56969595;1
1289.056536007038;956.99677;0.5740446442487503;0.62591;0
1280.6709342046065;945.6691;0.5782848782400388;0.6385527;0
1272.3086616110634;963.22046;0.582580928357153;0.5979507;0
1263.9701812560972;955.197;0.5869337422515339;0.58913416;1
1255.6559671337554;944.34393;0.5913442841771159;0.594881;1
1247.3665044775905;927.2915;0.5958135351482486;0.59802395;1
1239.1022900417377;925.1352;0.6003424930866865;0.6021809;1
1230.8638323879347;913.12714;0.6049321729564501;0.60425633;1
1222.6516521784731;925.5331;0.6095836068852916;0.6088986;1
1214.4662824750571;953.41705;0.6142978442714058;0.61491126;1
1206.30826904354;931.00183;0.6190759518739369;0.6258651;0
1198.1781706644706;950.3983;0.623919013885739;0.627359;1
1190.076559449388;905.17114;0.6288281319867486;0.63012296;1
1182.0040211627575;879.0689;0.6338044253762193;0.63222003;1
1173.9611555494348;901.83344;0.6388490307819658;0.6409448;1
1165.9485766675132;897.01306;0.643963102444645;0.6458945;1
1157.966913226382;921.454;0.6491478120749843;0.65079165;1
1150.0168089297963;969.33185;0.6544043487817454;0.65624785;1
1142.0989228237224;962.9509;0.659733918968082;0.66096944;1
1134.2139296486985;907.5444;0.6651377461938127;0.6657154;1
1126.3625201963969;971.3621;0.6706170710010014;0.67203826;1
1118.5454016700503;954.47516;0.6761731507000823;0.676996;1
1110.763298048351;947.5206;0.6818072591136313;0.6809793;1
1103.016950452388;947.21375;0.6875206862747278;0.69171405;1
1095.3071175151385;945.46436;0.6933147380766994;0.69365394;1
1087.6345757529764;974.1765;0.6991907358708808;0.70046777;1
1080.000119938601;965.3242;0.7051500160088654;0.70494694;1
1072.404563474731;964.0909;0.711193929325559;0.71561056;1
1064.8487387678422;967.8558;0.7173238405591831;0.717604;1
1057.333497601159;1002.43506;0.7235411277042157;0.7246284;1
1049.8597115060354;989.0219;0.7298471812930919;0.73310655;1
1042.4282721307839;981.46124;0.7362434036023247;0.7374872;1
1035.0400916059277;958.0509;0.7427312077785513;0.7476896;0
1027.696102904766;997.9734;0.7493120168798596;0.75048965;1
1020.397260198046;972.682;0.755987262827595;0.760912;0
1013.144539201448;1001.8056;0.7627583852637196;0.76721686;1
1005.9389375144746;978.216;0.7696268303086655;0.7752518;0
998.7814749492431;982.98;0.7765940492145021;0.77872676;1
991.6731938475606;998.28436;0.7836614969081525;0.78891176;0
984.6151593845472;978.98694;0.7908306304192998;0.7923546;1
977.6084598569577;972.4468;0.7981029071875714;0.7978961;1
970.6542069542214;942.3395;0.8054797832435563;0.8077945;1
963.7535360100965;980.26855;0.812962711258198;0.8134505;1
956.907606232702;953.7766;0.8205531384551383;0.82295895;1
950.1176009105587;933.1944;0.8282525043806459;0.82987595;1
943.3847275921269;955.39557;0.8360622385258697;0.8393612;1
936.7102182361988;956.628;0.8439837577963035;0.848555;1
930.0953293303558;927.9385;0.8520184638235566;0.856819;1
923.541341974564;913.40283;0.8601677401147718;0.86356336;1
917.0495619268429;912.8062;0.868432949035359;0.8709028;1
910.6213196077995;923.878;0.8768154286210957;0.87732977;1
904.2579700606934;917.6571;0.8853164892161036;0.8888221;1
897.9608928635598;888.2262;0.8939374099337516;0.8988624;1
891.7314919898015;873.35016;0.9026794349381558;0.9044111;1
885.5711956135391;885.60297;0.9115437695446648;0.9138811;1
879.4814558559087;891.9367;0.9205315761385204;0.92148215;1
873.4637484683977;860.5809;0.92964396991181;0.932695;1
867.519572449233;862.0847;0.9388820144198256;0.9425704;1
861.6504495887737;875.7709;0.9482467169590935;0.9536683;1
855.8579239398158;832.7877;0.9577390237705665;0.96350735;1
850.143561208698;843.3444;0.9673598150728401;0.9714881;1
844.5089480630995;858.5051;0.9771098999317291;0.9855177;0
838.9556913524568;840.856;0.9869900109741453;0.9948754;0
833.4854172369871;860.5076;0.9970007989559295;1.0023445;1
828.0997702214089;807.48724;1.0071428271951262;1.0143869;0
822.800412089582;800.9249;1.0174165658841363;1.0229766;1
817.589020736471;810.47516;1.0278223862962268;1.033479;1
812.4672888940559;806.6612;1.0383605549040271;1.0463915;0
807.4369227480826;815.63;1.049031227429862;1.0547842;1
802.4996404428657;835.0301;1.0598344428500739;1.0661745;0
797.6571704717287;793.13025;1.0707701173778266;1.0749061;1
792.9112499510902;779.57465;1.0818380384512767;1.0866027;1
788.2636227766926;795.851;1.0930378587563672;1.1003003;0
783.7160376610087;775.6158;1.1043690903158765;1.1091487;1
779.2702460514628;771.3955;1.1158310986786681;1.1195452;1
774.9279999297632;784.5989;1.1274230972453232;1.1313393;1
770.6910494933614;765.2554;1.1391441417684478;1.1457243;0
766.5611407208263;763.59033;1.1509931250679057;1.1584375;0
762.5400128237536;744.0399;1.1629687720029827;1.1693914;1
758.6293955887064;753.0349;1.1750696347450067;1.1798925;1
754.8310066136139;754.041;1.1872940883951622;1.1959882;0
751.1465484440154;758.67444;1.1996403269931475;1.2056036;1
747.5777056155388;742.0004;1.2121063599628332;1.2187257;1
744.126141610029;745.2765;1.2246900090411685;1.2319875;0
740.7934957337737;754.91724;1.2373889057362426;1.2440107;1
737.5813799273272;735.3887;1.2502004893595162;1.2614074;0
734.4913755174638;750.24524;1.2631220056758556;1.274392;0
731.5250299228125;738.80554;1.2761505062130465;1.2837414;0
728.6838533257118;726.818;1.2892828482699037;1.2981287;0
725.9693153237561;733.06665;1.302515695658975;1.3145003;0
723.3828415753852;733.0552;1.3158455202160781;1.3252884;0
720.9258104546643;732.16516;1.329268604104588;1.338087;0
718.5995497311075;719.3856;1.342781042937465;1.3496003;1
716.4053332909981;721.80505;1.356378749734557;1.365217;0
714.3443779171372;715.7368;1.370057459726715;1.3780484;0
712.4178401442916;711.5416;1.3838127360118422;1.3913165;0
710.6268132078138;704.4131;1.3976399760611429;1.3905511;0
708.9723241029433;708.7667;1.411534419066677;1.4056861;1
707.4553307721729;704.623;1.4254911541139488;1.4198471;1
706.0767194377679;710.7284;1.4395051291556948;1.4322467;0
704.8373020960483;718.18896;1.45357116075547;1.4491466;1
703.7378141893981;702.4676;1.4676839445621095;1.4662344;1
702.7789124711323;686.99866;1.481838066468823;1.4790463;1
701.96117307736;711.9227;1.4960280144036138;1.4957824;1
701.2850898188118;695.4551;1.5102481906911192;1.5043576;1
700.7510727042911;696.9039;1.5244929249197916;1.5203379;1
700.35944670594;717.0225;1.5387564872429165;1.5306233;0
700.1104507749375;697.5658;1.5530331020370904;1.5457001;0
700.0042371145491;700.9137;1.5673169618378582;1.5607728;1
700.040870715673;705.072;1.5816022414692583;1.576121;1
700.2203291581824;690.3025;1.5958831122809245;1.5887942;1
700.5425026794799;701.6743;1.6101537564071986;1.6101646;1
701.0071945097744;709.0269;1.6244083809597079;1.6277;1
701.6141214716964;697.64526;1.6386412320680606;1.6422778;1
702.3629148399965;700.36145;1.6528466086835687;1.6513001;1
703.2531214552637;717.9185;1.6670188760641915;1.6582249;0
704.2842050838622;714.437;1.6811524788623058;1.6735443;0
705.4555480146452;702.69275;1.695241953741307;1.6920965;1
706.7664528814869;710.86304;1.7092819414522498;1.713676;1
708.2161446992824;700.54803;1.7232671983075534;1.7238898;1
709.8037730998268;710.9292;1.737192606995169;1.7277876;0
711.5284147529079;721.8495;1.7510531866835215;1.7482011;1
713.3890759570278;703.947;1.764844102374653;1.7608864;1
715.3846953834403;707.7566;1.7785606734705386;1.7766483;1
717.514146956625;725.5348;1.7921983815250226;1.7883179;1
719.7762428539367;710.3905;1.8057528771614475;1.7956859;0
722.1697366069592;709.67694;1.8192199861434892;1.8139536;1
724.6933262870582;711.4726;1.8325957145940461;1.8283358;1
727.3456577577379;730.80347;1.8458762533639774;1.8423867;1
730.125327976692;743.4853;1.859057981559174;1.85305;1
733.030888330845;729.3332;1.8721374692406298;1.8679183;1
736.060847988224;720.73016;1.8851114793179218;1.8800063;1
739.213677251158;729.6653;1.8979769686616672;1.8904591;0
742.4878108960543;761.5766;1.9107310884651931;1.8995819;0
745.8816514858444;752.466;1.923371183889632;1.9214904;1
749.3935726420973;751.8774;1.9358947930301393;1.9270394;0
753.0219222647652;761.66284;1.9482996452437211;1.9368991;0
756.7650256885275;748.8481;1.96058365888143;1.956599;1
760.6211887657308;784.96643;1.972744938469339;1.9623141;0
764.5887008669623;775.2847;1.9847817713838283;1.9820513;1
768.6658377913415;763.3198;1.996692624067332;1.9937332;1
772.8508645796423;796.0568;2.0084761378307907;2.0041943;1
777.1420382243753;789.7023;2.0201311242887696;2.0133224;0
781.5376102719383;788.50165;2.0316565604724577;2.0256782;1
786.0358293128933;782.1029;2.04305158366471;2.0359204;0
790.634943357327;792.65314;2.0543154859999033;2.0452223;0
795.3332020931097;799.56506;2.065447708869748;2.0568562;0
800.1288590256665;822.80194;2.076447837174318;2.063234;0
805.0201734986216;778.812;2.087315593455526;2.078386;0
810.0054125953644;802.464;2.0980508319480973;2.0867224;0
815.082852922218;828.66;2.108653532580801;2.0982602;0
820.2507822744565;806.7283;2.119123794958366;2.1109743;0
825.5075011869326;823.52075;2.129461832352109;2.1251955;1
830.8513243715323;829.41956;2.1396679657249518;2.1384194;1
836.280582044068;827.4582;2.149742617814087;2.1438513;1
841.7936211435679;834.02124;2.159686307292277;2.160205;1
847.3888064472155;844.35;2.169499643026489;2.1669712;1
853.0645215844298;836.84216;2.1791833184503586;2.1747026;1
858.8191699537848;872.3005;2.18873810606493;2.1943316;1
864.6511755466153;867.06995;2.198164852080074;2.2014866;1
870.5589836812777;868.397;2.207464471207124;2.1992626;0
876.541061652114;893.67804;2.216637941611499;2.2125423;1
882.5958992972099;881.5144;2.2256863000323968;2.2201774;1
888.7220094890677;885.70984;2.2346106370751433;2.2290883;1
894.9179285522903;896.80255;2.2434120926803267;2.2400947;1
901.1822166123552;893.60077;2.2520918517725743;2.250494;1
907.5134578794926;929.8907;2.260651140090625;2.258799;1
913.9102608716182;919.47974;2.269091220199295;2.2694125;1
920.3712585801803;913.47455;2.277413387682954;2.2796404;1
926.8951085826815;940.2256;2.2856189675192877;2.2893326;1
933.4804931055263;935.0371;2.2937093106313537;2.292749;1
940.1261190407233;945.4618;2.3016857906152666;2.2982965;1
946.8307179198445;931.5166;2.3095498006402817;2.304532;1
953.5930458485127;953.6975;2.317302750517537;2.3108034;0
960.4118834045523;983.48773;2.3249460639333046;2.322804;1
967.2860355027954;973.74927;2.3324811758422355;2.3226328;0
974.214331229402;962.75574;2.3399095300158206;2.3313994;0
981.1956236484071;993.34753;2.3472325767410287;2.3358142;0
988.2287895830714;977.7791;2.354451770663945;2.3565826;1
995.3127293744706;990.2403;2.361568568773081;2.364311;1
1002.4463666196281;984.7478;2.3685844285169555;2.3670125;1
1009.6286478913569;997.77423;2.375500806050502;2.3652215;0
1016.8585424418508;996.22205;2.38231915460485;2.379097;1
1024.1350418919376;976.2445;2.3890409229750458;2.3860548;1
1031.4571599077863;994.6074;2.3956675541203234;2.3884485;0
1038.8239318667395;991.58875;2.4022004838716193;2.3904984;0
1046.2344145138354;993.9282;2.408641139741097;2.4029841;0
1053.6876856104677;998.4317;2.4149909398285763;2.4113193;1
1061.1828435765344;967.04974;2.421251291819855;2.414731;0
1068.7190071273249;1001.5957;2.427423592072083;2.4236608;1
1076.2953149062996;966.52405;2.433509224781445;2.4202797;0
1083.91092511483;963.47705;2.4395095612285993;2.426732;0
1091.5650151398781;956.907;2.4454259590974456;2.4463415;1
1099.2567811805202;974.7499;2.4512597618629757;2.4492402;1
1106.9854378741366;919.71497;2.457012298244104;2.4400458;0
1114.750217923024;916.9944;2.4626848817175544;2.4423814;0
1122.550371722118;968.0495;2.468278810089032;2.4648213;1
1130.3851669884477;963.50665;2.473795365118074;2.4617589;0
1138.2538883928912;975.448;2.47923581219314;2.4730284;0
1146.1558371947388;904.0738;2.4846014000536556;2.472361;0
1154.0903308795234;905.1311;2.489893360555877;2.472426;0
1162.0567028005319;953.8838;2.4951129084796086;2.4678693;0
1170.0543018243552;902.1571;2.5002612413729333;2.494968;0
1178.0824919808101;910.5088;2.505339539432287;2.4972634;0
1186.1406521175097;913.6957;2.5103489654153286;2.5042803;0
1194.2281755593388;934.89886;2.5152906645841946;2.5073285;0
1202.344469773044;892.85364;2.5201657646768734;2.5110502;0
1210.488956037129;910.29865;2.5249753759045426;2.5113032;0
1218.661069117207;918.6087;2.5297205909728406;2.52106;0
1226.8602569469474;929.84106;2.534402485125173;2.5248308;0
1235.0859803147168;933.69946;2.539022116206234;2.5328507;0
1243.337712556006;888.522;2.543580524744073;2.5102136;0
1251.6149392517;872.29486;2.548078734049096;2.5451314;1
1259.9171579322478;872.78094;2.5525177503285206;2.5523138;1
1268.2438777877496;882.9679;2.5568985628148737;2.5374699;0
1276.594619383986;920.90405;2.561222143907231;2.5464983;0
1284.968914384383;931.10846;2.565489449323952;2.5583508;0
1293.3663052779036;935.60016;2.5697014182657814;2.5623455;0
1301.786345112842;919.5022;2.573858973588217;2.554164;0
1310.2285972364848;946.1552;2.577963021982167;2.554098;0
1318.6926350406004;968.82764;2.582014454161939;2.5597558;0
1327.1780417127004;970.53754;2.5860141450597034;2.5593445;0
1335.684409993017;961.3967;2.5899629540256055;2.5588028;0
1344.2113419371337;924.9174;2.5938617250327916;2.5828066;0
1352.7584486841934;932.7565;2.5977112868866223;2.567378;0
1361.325350230613;977.324;2.6015124534374445;2.5658236;0
1369.911675209222;998.0645;2.605266023796302;2.5152678;0
1378.5170606737418;1037.767;2.6089727825530433;2.3062398;0
1387.1411518885193;985.1159;2.6126334999962904;2.1514888;0
1591.3476009592932;963.1436;0.526740771868491;0.8294835;0
1582.7110836023724;1007.37555;0.5299170901909499;0.7691269;0
1574.090709341966;910.6941;0.5331282308829762;0.6248077;0
1565.486744854645;933.68604;0.5363747024192178;0.5613222;0
1556.8994621986642;1058.0591;0.5396570215456301;0.5519013;0
1548.3291389344154;946.1946;0.5429757133929836;0.5430737;1
1539.776058247525;914.0668;0.5463313115897427;0.5468309;1
1531.2405090746468;959.246;0.5497243583741317;0.55408645;0
1522.7227862319792;960.2018;0.5531554047051856;0.5915604;0
1514.223190546552;968.09875;0.5566250103725752;0.59622484;0
1505.7420289903173;884.0935;0.560133744104971;0.5706338;0
1497.2796148170773;873.95654;0.5636821836767092;0.5631414;1
1488.836267702286;921.33826;0.5672709160124908;0.57493055;0
1480.4123138857537;930.8212;0.5709005372898369;0.57975817;0
1472.008086317283;887.6922;0.5745716530390039;0.5748475;1
1463.6239248052648;874.9735;0.5782848782400387;0.58018804;1
1455.2601761682565;889.629;0.5820408374166358;0.5837976;1
1446.9171943895626;877.46155;0.585840164726438;0.5895652;0
1438.595340774834;921.19214;0.5896835040473971;0.60070485;0
1430.2949841127036;911.46936;0.5935715090597888;0.60634017;0
1422.0165008384597;933.59265;0.5975048433234489;0.64330393;0
1413.7602752007695;866.85284;0.6014841803497758;0.6123589;0
1405.5266994314456;865.66345;0.6055102036680121;0.60688764;1
1397.316173918255;854.72205;0.6095836068852916;0.6098899;1
1389.1291073807536;837.37427;0.6137050937399078;0.6147009;1
1380.965917049131;827.11304;0.6178753781472309;0.61874086;1
1372.8270288460396;852.11224;0.6220951842376601;0.6241864;1
1364.712877571375;866.8214;0.6263652463859739;0.62725043;1
1356.6239070899646;836.7046;0.6306863092313959;0.6308227;1
1348.5605705221174;805.2935;0.635059127687666;0.6347869;1
1340.523330436974;855.1027;0.6394844669423563;0.6391488;1
1332.5126590485866;857.31555;0.643963102444645;0.6444904;1
1324.5290384146483;832.5436;0.648495819880709;0.65007526;1
1316.5729606377804;871.5794;0.6530834151358571;0.65885514;0
1308.6449280692714;855.96204;0.657726694242481;0.65871006;1
1300.7454535151476;853.3142;0.6624264733128585;0.66365606;1
1292.875060444444;857.0519;0.6671835784557891;0.6676784;1
1285.0342831995272;864.20764;0.6719988456759978;0.6723516;1
1277.2236672083009;858.7986;0.6768731207551961;0.6763782;1
1269.4437691981154;878.8681;0.6818072591136313;0.68416953;1
1261.6951574111777;865.6946;0.6868021256509058;0.6892273;1
1253.978411821238;879.6105;0.6918585945647983;0.69393736;1
1246.2941243513155;873.086;0.6969775491467572;0.69706476;1
1238.642899092192;895.70685;0.7021598815526893;0.7032405;1
1231.0253525213884;846.67065;0.707406492547604;0.7108664;1
1223.4421137223069;850.34106;0.7127182912226249;0.7160953;1
1215.8938246032028;898.5312;0.7180961946828147;0.7225558;0
1208.3811401156104;880.22876;0.7235411277042155;0.72447747;1
1200.9047284718301;908.928;0.729054022358439;0.7285878;1
1193.4652713610471;910.8434;0.7346358176030916;0.73730224;1
1186.0634641636154;873.5104;0.7402874588362706;0.74258447;1
1178.700016163016;917.4791;0.7460098974133018;0.7509835;0
1171.375650754954;921.5107;0.751804090123853;0.7548644;1
1164.0911056530283;916.5299;0.7576709986274961;0.76134783;1
1156.8471330903612;898.52655;0.7636115888457615;0.76582664;1
1149.6445000165425;955.3421;0.7696268303086654;0.7729708;1
1142.4839882891943;892.3082;0.7757176954536757;0.7823028;0
1135.3663948594224;966.9047;0.7818851588750316;0.7870676;0
1128.2925319503713;967.8599;0.7881301965213166;0.7905517;1
1121.263227228057;949.4553;0.7944537848391562;0.7956235;1
1114.2793239635992;967.32886;0.8008568998609065;0.7986967;1
1107.3416811859263;911.1654;0.807340516234186;0.8129473;0
1100.4511738239783;958.5359;0.8139056061911147;0.81633097;1
1093.608692837374;921.2504;0.820553138455138;0.822444;1
1086.815145334462;963.3454;0.8272840770833348;0.8304647;1
1080.0714546766178;942.49475;0.8340993802421565;0.83899003;0
1073.3785605675955;957.7567;0.8409999989145883;0.8434884;1
1066.7374191266854;966.4236;0.8479868755368042;0.85270363;0
1060.1490029443783;990.5924;0.8550609425624576;0.8606004;0
1053.6143011191796;980.94293;0.8622231209528665;0.86719155;0
1047.1343192741585;973.419;0.869474318591473;0.87164426;1
1040.710079551771;960.6891;0.8768154286210955;0.8778112;1
1034.342620585438;968.5342;0.8842473277026648;0.8867007;1
1028.032997446312;1001.2931;0.8917708741943269;0.8930345;1
1021.7822815636152;999.5156;0.8993869062500135;0.90276957;1
1015.5915606168876;973.2902;0.9070962398368233;0.91174304;1
1009.4619383984435;991.73206;0.914899666670832;0.91840965;1
1003.3945346442949;985.16113;0.9227979520712564;0.9237028;1
997.3904848317628;989.8325;0.9307918327332316;0.9342725;1
991.4509399419808;995.1914;0.9388820144198251;0.94463474;0
985.5770661854581;981.3656;0.9470691695743239;0.95437735;0
979.7700446888714;990.60815;0.9553539348542528;0.9626623;0
974.0310711412295;968.6643;0.9637369085890761;0.97043306;0
968.3613553975752;975.0386;0.9722186481640177;0.9782805;0
962.7621210383834;957.97473;0.9807996673330006;0.98788494;0
957.2346048828495;967.4966;0.9894804334642774;0.9942826;1
951.7800564542854;967.13226;0.998261364722937;1.0026051;1
946.399737395896;947.1659;1.0071428271951262;1.0153048;0
941.0949208352571;956.18774;1.01612513195951;1.0268519;0
935.8668906959027;929.9354;1.0252085321121935;1.0300496;1
930.7169409545066;943.50854;1.0343932197520898;1.0403687;0
925.6463748422573;927.0438;1.0436793229344627;1.0538601;0
920.6565039891428;909.77716;1.0530669026011796;1.0584404;1
915.7486475100078;911.6697;1.062555949496993;1.0663226;1
910.9241310313973;915.95044;1.0721463810820058;1.0769705;1
906.1842856583888;894.43555;1.0818380384512767;1.087631;0
901.5304468808042;899.96045;1.0916306832733558;1.0984888;0
896.9639534184194;883.751;1.1015239947603404;1.1095622;0
892.4861460050225;890.4758;1.1115175666828412;1.1151837;1
888.0983661114326;871.8489;1.1216109044440195;1.1260986;1
883.8019546078716;891.7717;1.1318034222275806;1.133383;1
879.5982503663773;867.6349;1.1420944402353082;1.1501443;0
875.4885888042689;900.54425;1.1524831820303414;1.1576641;1
871.4743003700041;866.08636;1.1629687720029827;1.1703913;0
867.5567089731288;875.5248;1.1735502329762861;1.1789209;1
863.73713036038;867.09827;1.1842264839690908;1.1910119;0
860.0168704403897;837.2168;1.194996338134449;1.20379;0
856.3972235598268;876.32367;1.2058585008915734;1.2114176;1
852.879470734217;845.46313;1.2168115682694949;1.2239203;0
849.4648778370863;851.2559;1.2278540254805241;1.2378926;0
846.1546937514877;840.4208;1.2389842457413855;1.2489064;0
842.950148488374;859.20935;1.2502004893595162;1.2607714;0
839.8524512766929;827.42194;1.2615009031014484;1.2733533;0
836.8627886304706;827.37585;1.2728835198594997;1.284096;0
833.982322398542;853.58954;1.2843462586320693;1.2957802;0
831.2121878029483;832.72003;1.29588692483178;1.3048599;0
828.5534914723742;828.2278;1.307503210934441;1.3175753;0
826.0073094773192;817.9864;1.3191926974803525;1.3294194;0
823.5746853739846;807.9099;1.3309528544378875;1.3395171;0
821.2566282641228;831.1272;1.342781042937465;1.3556539;0
819.0541108783067;836.3937;1.354674517382107;1.363208;0
816.9680676902565;819.08026;1.3666304279386647;1.3699895;1
814.9993930699884;825.36536;1.3786458234115684;1.3859277;0
813.1489394836271;829.24335;1.3907176544985929;1.3904053;1
811.4175157477471;805.0392;1.4028427774257077;1.3978968;1
809.8058853460768;799.59937;1.415017957955518;1.409387;1
808.3147648163068;805.87103;1.4272398757612628;1.4201233;0
806.9448222145919;803.36346;1.4395051291556948;1.4316616;0
805.6966756651273;803.6492;1.4518102401615853;1.4458683;1
804.5708920019014;790.54224;1.4641516599080209;1.4623628;1
803.5679855093987;798.84766;1.4765257743341487;1.4739649;1
802.6884167686308;805.1417;1.4889289101795793;1.4826547;0
801.9325916144256;799.6316;1.5013573412384107;1.4936669;0
801.3008602094017;808.94824;1.5138072948516115;1.5099716;1
800.7935162395016;812.9474;1.52627495861058;1.5177836;0
800.4107962353601;805.8983;1.538756487242913;1.534161;1
800.1528790231408;807.9752;1.5512480096498482;1.5417056;0
800.0198853078084;805.4193;1.5637456360635515;1.5564976;0
800.0118773910904;805.58276;1.5762454652914277;1.5744739;1
800.1288590256665;818.244;1.5887435920137805;1.58676;1
800.3707754063818;798.75916;1.6012361141008467;1.601444;1
800.7375132985283;789.9867;1.6137191399148647;1.6112041;1
801.2289013024985;779.3609;1.6261887955630825;1.6177566;0
801.8447102533675;797.6543;1.6386412320680637;1.6424772;1
802.5846537532378;806.02124;1.6510726324222902;1.6463258;1
803.4483888334723;801.6716;1.6634792184951004;1.663972;1
804.4355167432631;816.5314;1.6758572577612374;1.6761312;1
805.5455838603416;798.58813;1.6882030698218562;1.6784778;0
806.7780827190315;804.3462;1.7005130326905404;1.6930084;0
808.132453150283;799.20306;1.712783588818818;1.7132634;1
809.6080835278218;828.49854;1.725011250837845;1.7258656;1
811.2043121140878;826.4227;1.737192606995169;1.7308552;0
812.9204284992402;831.3109;1.7493243262679212;1.7399168;0
814.755675126161;807.40625;1.7614031631362626;1.753441;0
816.7092488941119;808.6643;1.7734259620034962;1.766701;0
818.7803028334782;820.86633;1.785389661251861;1.7846317;1
820.967947843873;816.43207;1.7972912969256012;1.7955155;1
823.2712544877771;808.0626;1.8091280060355266;1.8011131;0
825.6892548318502;838.1388;1.8208970294817846;1.8129306;0
828.2209443280665;826.6467;1.8325957145940461;1.8339078;1
830.8652837268941;822.86505;1.8442215172906506;1.8389945;1
833.6212010148674;842.8939;1.855772003860534;1.8544605;1
836.4875933690637;833.5073;1.8672448523738483;1.8635143;1
839.4633291212107;841.2605;1.8786378537291695;1.8750358;1
842.5472497244081;835.27966;1.8899489123469924;1.8769534;0
845.7381717157278;848.7571;1.9011760465208454;1.889587;0
849.0348886682807;853.2149;1.9123173884388254;1.908488;1
852.4361731266793;866.49866;1.923371183889632;1.9222829;1
855.940778520194;841.27045;1.9343357916682868;1.9284577;0
859.5474410482843;851.4377;1.9452096826976408;1.938252;0
863.254881533578;844.4735;1.9559914388825186;1.9404492;0
867.0618072377825;870.4331;1.9666797517139234;1.960876;0
870.9669136364181;877.08545;1.9772734206411293;1.968331;0
874.9688861486708;871.47174;1.9877713512297401;1.9707431;0
879.0664018190797;890.3106;1.9981725531239003;1.9846079;0
883.2581309481626;886.92365;2.0084761378307903;1.9886676;0
887.5427386694905;876.3439;2.0186813163453987;2.0090747;0
891.9188864710947;897.6823;2.0287873966332617;2.0157661;0
896.385233659466;894.7829;2.038793780988498;2.0381122;1
900.9404387647573;911.0138;2.0486999632839673;2.0358324;0
905.5831608861394;924.36975;2.058505526129859;2.041661;0
910.3120609765804;911.04114;2.0682101379563536;2.0580902;0
915.1258030666206;915.51013;2.0778135500353527;2.0681558;0
920.0230554269959;931.6327;2.0873155934555254;2.0809064;0
925.0024916702242;929.39984;2.096716176064163;2.0825648;0
930.0627917915119;921.1161;2.106015279388532;2.0837662;0
935.2026431495578;931.2434;2.115212955548626;2.107466;0
940.4207413880328;925.01685;2.1243093241723754;2.1143255;0
945.7157912986941;949.95166;2.1333045693235704;2.1279445;0
951.0865076272573;943.5204;2.142198936451927;2.1408412;1
956.5316158232883;928.5902;2.150992729373929;2.1398158;0
962.0498527355061;949.48083;2.159686307292277;2.1548228;1
967.639967253992;972.0144;2.1682800818610213;2.1605434;0
973.3007209008965;971.45654;2.1767745143027;2.168293;0
979.030888371303;965.32715;2.185170112583095;2.186494;1
984.8292580259792;995.3074;2.1934674286485256;2.1993198;0
990.6946323377849;994.0585;2.2016670557299536;2.1948497;0
996.6258282935461;985.60565;2.20976962571754;2.2085614;1
1002.6216777532264;1000.25867;2.217775806608735;2.2054098;0
1008.6810277682399;1000.1992;2.2256863000323968;2.205151;0
1014.8027408607501;986.81525;2.2335018388509607;2.2238808;0
1020.9856952657998;1006.14325;2.241223184842171;2.2374718;1
1027.228785138095;991.6825;2.248851126461466;2.2456088;1
1033.5309207252508;969.3401;2.2563864766856927;2.253973;1
1039.8910285092772;975.98645;2.263830070938453;2.2594852;1
1046.3080513180525;979.3524;2.27118276509705;2.2675736;1
1052.7809484084894;981.5027;2.278445433580685;2.2746663;1
1059.3086955230644;975.974;2.2856189675192877;2.2834787;1
1065.8902849213302;968.1265;2.2927042730021063;2.290722;1
1072.5247253879847;983.80975;2.299702269404972;2.2947884;0
1079.2110422190233;952.97375;2.306613887794941;2.2856321;0
1085.9482771874398;964.8916;2.313440069410868;2.303957;0
1092.7354884899028;928.7268;2.3201817642182956;2.3146777;0
1099.5717506757637;969.44226;2.3268399295369377;2.3107262;0
1106.4561545597105;914.1023;2.3334155287389162;2.3203442;0
1113.3878071193164;992.3849;2.3399095300158206;2.3274217;0
1120.3658313786877;953.9099;2.3463229052126016;2.3208141;0
1127.3893662793507;905.96716;2.3526566287262467;2.3416243;0
1134.457566539469;949.0017;2.3589116764671383;2.3503401;0
1141.5696025024283;899.19775;2.3650890248809815;2.3630185;1
1148.7246599757707;918.25183;2.3711896500291574;2.3633351;0
1155.921940061416;931.0047;2.3772145267253677;2.3688965;0
1163.1606589780476;928.17816;2.3831646277264222;2.3794236;1
1170.4400478765;861.5299;2.3890409229750458;2.370748;0
1177.7593526489363;933.12354;2.3948443788926;2.371983;0
1185.1178337325532;881.0226;2.4005759577196324;2.3854713;0
1192.514765908514;897.8859;2.406236616902209;2.390411;0
1199.9494380967624;905.9809;2.411827308522014;2.3974578;0
1207.4211531473322;909.90796;2.4173489787682456;2.4063387;0
1214.9292276287256;918.9272;2.422802567449386;2.4156327;0
1222.4729916138965;917.0834;2.428189007542957;2.4228632;0
1230.0517884643425;847.2068;2.4335092247814454;2.417542;0
1237.6649746127687;854.47144;2.4387641372726128;2.4205132;0
1245.3119193447574;894.6638;2.4439546551524693;2.4184678;0
1252.9920045798463;872.70215;2.449081680269247;2.4461842;1
1260.7046246523882;883.0197;2.4541461058967595;2.4384174;0
1268.4491860925361;857.12933;2.4591488164755884;2.4400065;0
1276.2251074076687;867.0233;2.4640906873806054;2.4478436;0
1284.0318188645535;862.5;2.468972584713377;2.4502094;0
1291.8687622725117;875.34106;2.473795365118074;2.4576502;0
1299.735390767832;876.99426;2.478559875619542;2.4699945;0
1307.631168599658;866.97705;2.4832669534822656;2.4741447;0
1315.5555709175517;842.9578;2.487917426088994;2.4702377;0
1323.5080835609215;841.5027;2.492512110837859;2.4553885;0
1331.48820285048;804.23474;2.4970518150568637;2.4881973;0
1339.4954353818825;822.4707;2.5015373359346693;2.489049;0
1347.5292978216826;813.23724;2.5059694604666642;2.4937222;0
1355.5893167057252;823.8987;2.5103489654153286;2.5027833;0
1363.6750282400837;836.6139;2.514676617283981;2.5101197;0
1371.7859781046352;841.9727;2.5189531723030116;2.506931;0
1379.9217212593578;860.45386;2.5231793764277652;2.5116048;0
1388.0818217534177;867.49963;2.527355965347279;2.5177526;0
1396.2658525371107;877.61066;2.531483664503104;2.5248475;0
1404.4733952767076;879.1499;2.535563189117508;2.520464;0
1412.7040401722438;899.18286;2.5395952442303633;2.5160112;0
1420.9573857782923;902.88916;2.5435805247440726;2.526431;0
1429.23303882774;894.0746;2.5475197154759353;2.5334606;0
1437.5306140585928;837.08325;2.5514134912173505;2.5513418;1
1445.8497340438157;834.5923;2.5552625167993344;2.5497422;0
1454.190029024223;859.566;2.5590674471638133;2.5439637;0
1462.5511367444108;887.20056;2.5628289274402185;2.5522232;0
1470.9327022917353;939.40295;2.566547593026912;2.5479202;0
1479.3343779383229;936.7877;2.570224069677013;2.5504165;0
1487.755822986105;894.0324;2.573858973588217;2.5557783;0
1496.1967036148558;898.84875;2.5774529114962177;2.5399184;0
1504.6566927332156;903.67914;2.5810064807713706;2.5537028;0
1513.135469832677;967.6916;2.584520269518261;2.5095978;0
1521.632720844506;944.42773;2.5879948566778497;2.5614128;0
1530.1481379995703;900.03375;2.591430812131903;2.5795932;0
1538.6814196910452;911.45386;2.594828696809418;2.580377;0
1547.2322703399602;1031.4037;2.5981890627947863;2.525401;0
1555.8004002635578;1028.1719;2.6015124534374445;2.4592056;0
1564.3855255464186;932.3505;2.6047994034627773;2.4426098;0
1572.9873679143268;940.73645;2.608050439084068;2.4108288;0
1581.6056546108262;998.3283;2.611266078115285;2.1133637;0
1590.240118276431;957.4586;2.614446830084513;2.04135;0
1791.3467239660108;840.7046;0.5263899753283356;0.653467;0
1782.7075393702466;980.38794;0.529208250076316;0.9020763;0
1774.082652074384;1002.2888;0.5320539502819016;0.74380136;0
1765.472271618855;904.6736;0.5349274314615134;0.6209496;0
1756.8766112959672;1024.4957;0.5378290542716287;0.61564595;0
1748.295888224462;1052.9592;0.5407591845718834;0.55460817;0
1739.7303234255362;1028.481;0.5437181934879018;0.5745604;0
1731.18014190034;1006.24146;0.5467064574737796;0.57094157;0
1722.6455727089776;885.2534;0.5497243583741317;0.55812943;0
1714.1268490510267;889.91656;0.5527722834856184;0.5534623;1
1705.6242083475954;945.4425;0.5558506256178534;0.5622354;0
1697.137892324935;976.80676;0.5589597831535942;0.59465367;0
1688.6681470996255;885.08264;0.5621001601081057;0.57155967;0
1680.2152232653536;921.58203;0.565272166187587;0.5701439;0
1671.7793759812932;920.9701;0.568476216846536;0.5768018;0
1663.3608650621077;875.334;0.5717127333439299;0.58110833;0
1654.959955069585;954.6113;0.5749821427980828;0.6256026;0
1646.5769154059226;955.17096;0.5782848782400388;0.63384837;0
1638.212020408666;921.2095;0.5816213786653508;0.5924197;0
1629.8655494473167;866.86273;0.5849920890840841;0.58635485;1
1621.5377870216173;858.8568;0.5883974605688774;0.59175974;0
1613.2290228615168;934.02515;0.5918379503008845;0.63206893;0
1604.9395520288247;930.5407;0.5953140216134061;0.6390246;0
1596.669675020555;866.42334;0.5988261440330193;0.6100591;0
1588.4196978739608;860.5496;0.6023747933179927;0.61558115;0
1580.1899322732584;889.30383;0.6059604514937701;0.61705166;0
1571.9806956580367;858.3899;0.6095836068852916;0.61931497;0
1563.792311333345;845.9776;0.6132447541459118;0.6204051;0
1555.6251085814492;791.38275;0.616944394282657;0.6160949;1
1547.4794227752452;802.0792;0.6206830346775577;0.62094826;1
1539.355595493311;823.5775;0.6244611891047727;0.6253353;1
1531.2539746365806;883.3243;0.6282793777432117;0.63225657;0
1523.1749145466144;900.48047;0.6321381271843474;0.6640925;0
1515.1187761254387;880.827;0.6360379704348913;0.6620724;0
1507.0859269569225;895.8254;0.6399794469139999;0.6661691;0
1499.0767414296597;844.4613;0.643963102444645;0.6503194;0
1491.0916008613042;838.11206;0.6479894892387918;0.65430224;0
1483.1308936243245;848.3511;0.6520591658759816;0.65733004;0
1475.1950152731156;838.56354;0.6561726972749251;0.6604577;0
1467.2843686724152;845.2818;0.6603306546576758;0.6649396;0
1459.3993641269576;823.1227;0.6645336155059443;0.66590255;1
1451.5404195122946;833.19855;0.6687821635090919;0.669859;1
1443.707960406705;876.9835;0.6730768885033245;0.6721559;1
1435.9024202241073;869.3472;0.6774183864015858;0.6765512;1
1428.1242403478798;847.15155;0.6818072591136313;0.68288416;1
1420.3738702654907;847.0768;0.6862441144557397;0.6877273;1
1412.6517677038207;843.2086;0.6907295660495045;0.6896848;1
1404.958398765063;849.02277;0.6952642332091201;0.6940731;1
1397.294238063068;904.36163;0.6998487408165598;0.7218041;0
1389.6597688599934;895.973;0.7044837191840184;0.7280144;0
1382.0554832031057;813.1481;0.7091698039029757;0.7129351;0
1374.4818820615753;830.0392;0.7139076356792057;0.71990114;0
1366.9394754630837;802.18713;0.7186978601530473;0.7218116;1
1359.4287826300615;804.1771;0.7235411277042157;0.72698814;1
1351.9503321153522;847.35767;0.7284380932404282;0.73485;0
1344.504661937091;874.1072;0.7333894159690787;0.73522943;1
1337.0923197125662;854.17236;0.7383957591511937;0.73976725;1
1329.713862790823;811.1494;0.7434577898368646;0.7461397;1
1322.3698583837474;885.53235;0.7485761785813422;0.77255696;0
1315.0608836953566;868.6558;0.7537515991409578;0.759656;0
1307.7875260490032;812.7553;0.7589847281480137;0.76050323;1
1300.5503830121818;839.7257;0.7642762447637732;0.77288693;0
1293.3500625186102;826.24164;0.7696268303086654;0.7737539;0
1286.1871829872405;824.8595;0.7750371678687976;0.7798606;0
1279.0623734378294;913.37177;0.7805079418778695;0.80878943;0
1271.9762736026853;851.44055;0.7860398376735598;0.7897373;1
1264.9295340341823;860.46063;0.791633541027457;0.7937843;1
1257.9228162076136;899.3473;0.7972897376475964;0.7993327;1
1250.9567926189354;869.8507;0.8030091126526613;0.80418366;1
1244.0321468769264;848.8365;0.808792350016916;0.8199033;0
1237.1495737892708;858.1915;0.8146401319849242;0.81734097;1
1230.3097794420455;868.2381;0.8205531384551383;0.82198447;1
1223.513481272068;872.2032;0.8265320463314325;0.829632;1
1216.761408131543;863.9358;0.8325775288416897;0.83271825;1
1210.0543003444166;848.133;0.8386902548225567;0.84128016;1
1203.3929097538241;831.3075;0.8448708879695237;0.8511874;0
1196.7779997599955;905.36975;0.8511200860515052;0.8539844;1
1190.210345347954;881.21155;0.8574385000891449;0.8636877;0
1183.6907331043258;866.602;0.8638267734961091;0.8667161;1
1177.2199612225477;904.6958;0.8702855411826903;0.8715722;1
1170.7988394957422;847.826;0.8768154286210957;0.8805742;1
1164.4281892965048;904.9068;0.8834170508718715;0.8851404;1
1158.108843542824;920.6488;0.8900910115709847;0.89283496;1
1151.8416466493375;925.25867;0.8968379018771752;0.89742523;1
1145.6274544631067;902.85913;0.9036582993792809;0.9088726;0
1139.4671341830697;951.1249;0.9105527669633495;0.913148;1
1133.3615642623222;924.01404;0.9175218516394623;0.915671;1
1127.311634292354;900.2183;0.9245660833283242;0.9268535;1
1121.3182448683594;944.46106;0.9316859736078131;0.9364229;0
1115.382307434728;935.9813;0.9388820144198256;0.94565964;0
1109.5047441098118;940.2506;0.9461546767379272;0.9469498;1
1103.68648748906;912.4983;0.9535044091964782;0.95699936;1
1097.9284804256145;910.34595;0.9609316366820964;0.96536773;1
1092.2316757874491;969.88824;0.9684367588885203;0.9756643;0
1086.5970361901507;958.4558;0.976020148836143;0.9846967;0
1081.0255337044448;971.0427;0.9836821513577018;0.99103063;0
1075.5181495375798;972.4387;0.9914230815518645;1.0006083;0
1070.0758736877026;982.2545;0.9992432232066794;1.0058931;0
1064.699704570383;966.80023;1.0071428271951262;1.0163343;0
1059.3906486164678;920.50964;1.015122109845277;1.0205894;0
1054.1497198404886;957.8061;1.0231812512878418;1.0299;0
1048.9779393788704;969.24927;1.0313203937841875;1.0335102;1
1043.876334997255;973.42834;1.0395396400381944;1.0437001;1
1038.845940566291;1002.73785;1.0478390514956324;1.0574927;0
1033.8877955053063;1002.926;1.0562186466350485;1.0633436;0
1029.0029441933498;993.99335;1.0646783992544777;1.0681853;1
1024.192435347158;983.30896;1.0732182367585965;1.0758585;1
1019.4573213656873;993.1533;1.0818380384512767;1.0913482;0
1014.7986576409444;980.0225;1.0905376338387966;1.0972447;0
1010.2175018349379;976.64545;1.0993168009492986;1.1072686;0
1005.7149131226915;990.9514;1.108175264674378;1.1129439;1
1001.2919514013599;988.43225;1.117112695138996;1.1206454;1
996.9496764656195;979.1188;1.126128706106194;1.1336125;0
992.6891471496319;995.0785;1.1352228534233584;1.1428876;0
988.5114204360128;978.45215;1.1443946335170447;1.1489794;1
984.4175505323867;995.92834;1.1536434819435926;1.1584113;1
980.4085879162546;981.28516;1.1629687720029827;1.1713481;0
976.4855783490632;985.3666;1.172369813423555;1.1771624;1
972.6495618605217;963.21375;1.1818458511253593;1.1891682;0
968.9015717043836;968.11;1.1913960640700183;1.2006423;0
965.2426332870846;975.66205;1.2010195642050507;1.211251;0
961.673763070796;957.61224;1.210715395510635;1.2179105;0
958.1959674526425;969.3519;1.22048253315676;1.2256619;1
954.810241622002;942.57654;1.230319882778665;1.2408606;0
951.5175683979912;966.9572;1.2402262798783164;1.2489399;0
948.3189170494207;950.8843;1.2502004893595162;1.2634223;0
945.2152420996746;938.92017;1.260241205203988;1.2684265;0
942.2074821191491;925.30585;1.270347050295492;1.2813232;0
939.2965585080501;938.0679;1.2805165763986626;1.2925768;0
936.4833742725104;939.36206;1.290748264298842;1.3021686;0
933.7688127971437;913.4155;1.3010405241087035;1.31025;0
931.1537366172932;924.14795;1.311391695746907;1.3218391;0
928.6389861943702;928.8957;1.3218000495934206;1.3294095;0
926.2253786977918;935.1177;1.3322637873254854;1.3424278;0
923.9137067971382;909.7289;1.342781042937465;1.3504839;0
921.7047374682352;917.8786;1.353349883947048;1.3596556;0
919.5992108169453;920.0095;1.3639683127894346;1.368447;1
917.5978389244979;919.8838;1.3746342684002757;1.3759973;1
915.7013047182301;922.3832;1.3853456279871943;1.390137;1
913.9102608716182;902.9816;1.3961002089887964;1.3907635;1
912.2253287374723;909.0035;1.4068957712190744;1.403204;1
910.6470973181376;912.5468;1.417730019194103;1.4105732;0
909.176122276487;904.6465;1.4286006046369564;1.4243634;1
907.8129249914158;902.4885;1.4395051291556957;1.4316281;0
906.5579916614437;903.428;1.4504411470883167;1.4431589;0
905.4117724599071;912.0884;1.461406168507517;1.4564995;1
904.3746807450718;903.7023;1.4723976623771837;1.4678757;1
903.4470923283283;906.9852;1.4834130598515305;1.4818665;1
902.629344803431;900.1376;1.494449757706962;1.4876127;0
901.9217369395369;924.2208;1.5055051218958155;1.4966075;0
901.3245281405535;922.22644;1.516576491210404;1.5017693;0
900.8379379730584;903.9446;1.5276611810450218;1.5223188;1
900.46214576478;902.4523;1.5387564872429165;1.5329356;0
900.1972902753441;905.6076;1.5498596900146548;1.5410409;0
900.0434694406889;883.7491;1.5609680579139154;1.5470399;0
900.000740192247;881.1078;1.5720788518561566;1.5653994;0
900.0691183516701;902.87537;1.5831893291654935;1.5793952;1
900.248578601551;903.66296;1.594296747634926;1.5972513;1
900.5390545322691;901.5182;1.605398369584709;1.6080627;1
900.9404387647573;884.4842;1.6164914659041258;1.6127373;1
901.452583148661;895.943;1.6275733200615097;1.6273055;1
902.0752990350384;900.4235;1.638641232068062;1.6370221;1
902.8083576224325;902.092;1.6496925223809593;1.6488276;1
903.6514903748426;902.6488;1.6607245357319087;1.660631;1
904.6043895098202;913.74756;1.6717346448676507;1.6747731;1
905.6667085546397;920.7525;1.6827202541896238;1.6763536;0
906.8380629682208;914.6181;1.6936788032805647;1.6859901;0
908.1180308262329;909.865;1.7046077703066613;1.69536;0
909.50615356658;903.9979;1.7155046752846173;1.7151895;1
911.0019367922526;916.8585;1.7263670832038716;1.7319574;0
912.6048511283489;905.5149;1.7371926069951695;1.735364;1
914.3143331298902;917.04736;1.7479789103375523;1.7402434;0
916.1297862369263;926.7559;1.7587237102969082;1.7573116;1
918.0505817732901;921.05725;1.7694247797901501;1.7642603;1
920.07605998528;921.6616;1.7800799498701707;1.7712994;0
922.2055311164626;916.85175;1.7906871118276761;1.7945384;1
924.4382765147476;923.50696;1.8012442191070637;1.788929;0
926.7735497678585;926.4208;1.8117492890344749;1.8027189;0
929.2105778633158;927.45123;1.822200404357134;1.8186661;1
931.7485623690748;914.82336;1.8325957145940457;1.8358171;1
934.386680630989;922.0193;1.8429334371989963;1.8387356;1
937.1240869833398;943.65314;1.8532118585377026;1.8447855;0
939.9599139687385;938.15;1.8634293346817608;1.8593059;1
942.8932735638103;930.17065;1.87358429202281;1.8649864;0
945.9232584071706;945.639;1.8836752277110334;1.8761783;0
949.0489430263325;964.16907;1.8937007099227907;1.8860581;0
952.2693850603196;968.8413;1.9036593779627562;1.895916;0
955.583626474899;940.8738;1.913549942206462;1.9042386;0
958.9906947675142;973.8163;1.9233711838896324;1.9131103;0
962.4896041591513;958.2013;1.9331219547510852;1.929595;1
966.0793567705501;971.318;1.9428011765363316;1.9397854;1
969.7589437803398;967.6324;1.9524078403692737;1.9403266;0
973.5273465628587;983.25977;1.9619410059996416;1.9531875;0
977.3835378035997;985.7875;1.9713998009339604;1.9637687;0
981.3264825903971;978.74915;1.9807834194579539;1.9785204;1
985.3551394786557;993.27515;1.9900911215583548;1.9757171;0
989.4684615290986;974.91656;1.9993222317520913;1.981888;0
993.665397316683;986.9311;2.0084761378307903;2.0035305;1
997.944891909509;988.72864;2.017552289528451;2.0109153;0
1002.3058878167093;989.5299;2.02655019712003;2.018543;0
1006.7473259044705;991.42334;2.035469429958526;2.0304098;0
1011.2681462794932;993.26575;2.0443096149579567;2.036669;0
1015.8672891393455;989.942;2.0530704350294187;2.033271;0
1020.5436955893083;965.7158;2.06175162747718;2.0475924;0
1025.2963084254438;967.38544;2.070352982361487;2.061598;0
1030.1240728837488;989.38763;2.078874340834508;2.0701036;0
1035.0259373553704;976.1742;2.0873155934555254;2.074521;0
1040.000854067978;965.2075;2.0956766784912055;2.0696166;0
1045.0477797334836;977.2149;2.103957580206446;2.089268;0
1050.1656761624063;967.3098;2.112158327151004;2.0958726;0
1055.3535108452543;975.642;2.120278990446769;2.0980725;0
1060.61025750139;974.10614;2.12831968208024;2.116263;0
1065.934896595906;939.05054;2.1362805532044398;2.130414;0
1071.3264158251138;962.95605;2.144161792454187;2.1366956;0
1076.783810571298;969.06635;2.151963624278336;2.1381326;0
1082.3060843274445;975.10016;2.1596863072922776;2.1512392;0
1087.8922490926966;905.79706;2.1673301326537273;2.1564968;0
1093.5413257393272;964.8833;2.1748954224645045;2.1594605;0
1099.2523443520538;960.5555;2.18238252820075;2.1804607;1
1105.0243445405383;914.33044;2.1897918291737546;2.17313;0
1110.856375725956;945.9784;2.197123731023324;2.185927;0
1116.747497402509;924.0759;2.2043786642453376;2.1996791;0
1122.6967793747904;928.7809;2.2115570827549575;2.2061062;0
1128.7033019719074;958.41583;2.2186594624867033;2.209352;0
1134.76615623927;917.91125;2.2256863000323968;2.2088096;0
1140.8844441089586;909.91125;2.23263811131781;2.2174885;0
1147.0572785495795;911.51086;2.2395154303186375;2.2275653;0
1153.2837836965055;920.3972;2.246318807816265;2.2287152;0
1159.5630949633953;866.3771;2.2530488101936337;2.2396402;0
1165.8943591358732;888.4492;2.2597060182713684;2.2435694;0
1172.276734448231;844.9781;2.266291026184181;2.25468;0
1178.709390644008;864.8916;2.272804440297458;2.2615542;0
1185.1915090212758;871.3959;2.279246878163812;2.2651086;0
1191.7222824634475;913.7029;2.2856189675192877;2.278014;0
1198.3009154564013;917.8845;2.291921345318799;2.2753937;0
1204.926624092691;875.6893;2.2981546568103175;2.274755;0
1211.5986360635975;894.2346;2.304319554647234;2.2804012;0
1218.316190639741;845.51025;2.310416698038256;2.295826;0
1225.0785386409682;881.4514;2.3164467519341585;2.303068;0
1231.8849423961844;855.5438;2.3224103862506276;2.3075268;0
1238.7346756937948;856.07965;2.3283082751264175;2.313682;0
1245.627023723382;868.32965;2.334141096215998;2.3167818;0
1252.5612830092311;884.1849;2.3399095300158206;2.3184042;0
1259.5367613362826;847.49274;2.345614259223335;2.3313909;0
1266.5527776690758;846.2455;2.3512559681278455;2.3262992;0
1273.6086620642197;901.8947;2.356835342032288;2.3029723;0
1280.7037555768984;847.04895;2.362353066705003;2.3494911;0
1287.8374101619086;850.64105;2.36780982786056;2.360506;0
1295.0089885696902;859.40967;2.3732063106687056;2.3582354;0
1302.2178642377983;842.50305;2.37854319929048;2.3734207;0
1309.463421178237;876.70026;2.3838211764405832;2.369069;0
1316.7450538610626;853.4137;2.3890409229750458;2.3525488;0
1324.062167094632;831.9365;2.3942031175032965;2.375617;0
1331.4141759028605;833.97375;2.399308436023701;2.3798985;0
1338.800505399835;836.35144;2.4043575515816897;2.392693;0
1346.2205906621;851.5046;2.40935113394958;2.3770714;0
1353.6738765989296;829.889;2.414289849327227;2.3983393;0
1361.1598178208662;881.28796;2.419174360062657;2.3999798;0
1368.6778785068072;863.98816;2.4240053243918513;2.406291;0
1376.227532269884;865.81445;2.4287833961968563;2.4137769;0
1383.8082620223854;893.60504;2.4335092247814454;2.3666925;0
1391.419559839941;831.5311;2.4381834546635437;2.4303527;0
1399.0609268251812;855.26685;2.442806725383676;2.4226437;0
1406.7318729710703;857.122;2.447379671328698;2.4228418;0
1414.4319170240947;854.8099;2.451902921570117;2.4378023;0
1422.1605863474829;853.7787;2.456377099716296;2.4309525;0
1429.9174167846115;845.00934;2.460802823777896;2.4282708;0
1437.7019525227531;885.55994;2.4651807060459063;2.4117308;0
1445.5137459572968;911.4749;2.4695113529816344;2.3859391;0
1453.3523575565757;927.5604;2.473795365118074;2.4114168;0
1461.2173557274143;911.1909;2.4780333369720555;2.4316416;0
1469.108316681509;906.60706;2.4822258569666342;2.4296832;0
1477.024824302739;901.4501;2.4863735073631767;2.4222002;0
1484.9664700155008;819.18176;2.4904768642026283;2.4589853;0
1492.9328526541499;822.7987;2.494536497255472;2.4566321;0
1500.9235783336267;819.0818;2.4985529699798956;2.4654298;0
1508.9382603213355;840.188;2.5025268394877163;2.4637175;0
1516.9765189103416;829.55884;2.5064586565176254;2.477184;0
1525.037981293941;904.7231;2.5103489654153286;2.4591584;0
1533.122281441653;896.7136;2.5141983041201867;2.4556582;0
1541.229059976686;894.8661;2.5180072041579673;2.4596736;0
1549.357964054911;843.1808;2.5217761906393434;2.4909272;0
1557.5086472453818;859.8465;2.5255057822637843;2.5051444;0
1565.6807694124304;844.1376;2.5291964913285065;2.5205777;0
1573.8739965993657;887.0807;2.5328488237421634;2.5196745;0
1582.0880009137989;883.653;2.536463279042965;2.5155509;0
1590.3224604146105;895.4287;2.540040350420943;2.518547;0
1598.577059000579;833.20715;2.543580524744073;2.5371108;0
1606.851486300679;844.2734;2.5470842825880045;2.5263157;0
1615.1454375660605;906.32715;2.5505520982691308;2.5061367;0
1623.4586135637153;909.1063;2.553984439880769;2.5016155;0
1631.7907204718322;823.6759;2.557381769332223;2.5600567;1
1640.1414697768428;846.7633;2.560744542390506;2.556953;0
1648.510578172158;928.55176;2.564073208724525;2.5448558;0
1656.8977674585908;946.7067;2.567368211951526;2.5029166;0
1665.30276444646;893.1312;2.570629989685622;2.5306687;0
1673.7253008593682;975.06226;2.573858973588217;2.509903;0
1682.1651132396437;942.7866;2.5770555894201745;2.554066;0
1690.62194285544;942.1101;2.5802202570955592;2.5514612;0
1699.0955356094792;895.0387;2.5833533907368156;2.5474713;0
1707.585641949423;963.78394;2.5864553987312293;2.5098798;0
1716.0920167798647;952.50464;2.589526683788553;2.5602467;0
1724.6144193759205;907.5977;2.5925676429996556;2.5725024;0
1733.1526132984088;998.66327;2.595578667896088;2.4944181;0
1741.706366310597;1042.8694;2.598560144510449;2.4495945;0
1750.2754502965024;989.2147;2.6015124534374445;2.5084634;0
1758.8596411807239;1028.3678;2.6044359698955417;2.3630073;0
1767.458718849791;976.9934;2.6073310637891263;2.1659818;0
1776.072467075008;859.9845;2.610198099771072;2.2393608;0
1784.7006734367715;975.17633;2.6130374373056386;2.005295;0
